timestamp,pm1_0,pm2_5,pm10,cnt0_3,cnt0_5,cnt1_0,cnt2_5,mq135_adc,mq136_adc,mics_red_adc,mics_nox_adc,mp135_adc,aqi,aqi_category,is_hazard
2025-10-13T08:00,23.9,41.2,43.5,1982,576,144,31,1571,1025,2064,1268,1449,115,Unhealthy for Sensitive Groups,1
2025-10-13T09:00,23.0,39.7,41.8,1911,553,138,29,1559,1009,2047,1257,1454,111,Unhealthy for Sensitive Groups,1
2025-10-13T10:00,23.4,40.3,41.8,1925,558,142,30,1624,1010,2118,1301,1478,113,Unhealthy for Sensitive Groups,1
2025-10-13T11:00,25.1,43.3,44.4,2082,603,151,32,1726,1028,2237,1368,1543,120,Unhealthy for Sensitive Groups,1
2025-10-13T12:00,33.9,58.4,59.8,2805,809,203,43,1906,1097,2496,1503,1693,152,Unhealthy,1
2025-10-13T13:00,37.4,64.5,65.4,3088,901,226,48,2019,1122,2676,1540,1811,156,Unhealthy,1
2025-10-13T14:00,37.1,64.0,65.2,3082,899,223,47,2119,1124,2798,1546,1854,155,Unhealthy,1
2025-10-13T15:00,37.0,63.8,64.7,3050,896,224,47,2159,1118,2848,1548,1900,155,Unhealthy,1
2025-10-13T16:00,35.9,61.9,62.6,2970,872,214,46,2085,1104,2760,1505,1836,154,Unhealthy,1
2025-10-13T17:00,34.4,59.3,60.1,2849,836,207,44,1957,1098,2587,1482,1753,153,Unhealthy,1
2025-10-13T18:00,34.1,58.8,59.6,2823,827,205,44,1863,1079,2450,1468,1682,153,Unhealthy,1
2025-10-13T19:00,33.9,58.4,59.4,2800,811,203,43,1797,1084,2359,1466,1639,152,Unhealthy,1
2025-10-13T20:00,33.3,57.4,58.4,2757,803,198,43,1748,1096,2274,1435,1597,152,Unhealthy,1
2025-10-13T21:00,32.5,56.0,57.2,2676,788,196,42,1700,1085,2205,1421,1585,151,Unhealthy,1
2025-10-13T22:00,31.7,54.6,55.9,2610,762,191,40,1682,1072,2193,1411,1550,148,Unhealthy for Sensitive Groups,1
2025-10-13T23:00,31.3,53.9,55.2,2602,751,188,40,1697,1071,2235,1393,1566,146,Unhealthy for Sensitive Groups,1
2025-10-14T00:00,28.5,49.2,51.0,2364,691,170,36,1691,1053,2204,1367,1538,135,Unhealthy for Sensitive Groups,1
2025-10-14T01:00,31.6,54.4,55.9,2613,762,189,41,1749,1072,2285,1385,1598,148,Unhealthy for Sensitive Groups,1
2025-10-14T02:00,30.4,52.4,54.4,2526,730,184,39,1753,1091,2280,1371,1583,143,Unhealthy for Sensitive Groups,1
2025-10-14T03:00,27.8,48.0,50.4,2295,671,168,36,1722,1067,2259,1342,1583,132,Unhealthy for Sensitive Groups,1
2025-10-14T04:00,25.6,44.2,46.6,2127,615,153,33,1661,1053,2180,1310,1513,122,Unhealthy for Sensitive Groups,1
2025-10-14T05:00,22.8,39.3,41.1,1871,548,138,29,1579,1024,2079,1261,1463,110,Unhealthy for Sensitive Groups,1
2025-10-14T06:00,21.6,37.3,38.8,1790,517,130,28,1556,1015,2004,1239,1434,105,Unhealthy for Sensitive Groups,1
2025-10-14T07:00,20.9,36.0,37.6,1733,506,129,27,1532,1005,1991,1230,1417,102,Unhealthy for Sensitive Groups,1
2025-10-14T08:00,20.5,35.4,37.0,1691,494,123,26,1532,983,1978,1215,1399,100,Moderate,0
2025-10-14T09:00,20.6,35.6,37.3,1719,498,123,26,1537,988,1999,1239,1411,101,Unhealthy for Sensitive Groups,1
2025-10-14T10:00,21.4,36.9,38.4,1792,519,127,27,1585,1002,2072,1276,1463,104,Unhealthy for Sensitive Groups,1
2025-10-14T11:00,24.2,41.7,42.8,2010,578,145,31,1693,1027,2234,1338,1548,116,Unhealthy for Sensitive Groups,1
2025-10-14T12:00,28.3,48.8,49.6,2363,687,169,36,1838,1043,2411,1444,1633,134,Unhealthy for Sensitive Groups,1
2025-10-14T13:00,30.5,52.6,53.3,2524,723,183,39,1938,1072,2562,1452,1731,143,Unhealthy for Sensitive Groups,1
2025-10-14T14:00,30.5,52.6,53.3,2539,730,185,39,2034,1065,2715,1444,1796,143,Unhealthy for Sensitive Groups,1
2025-10-14T15:00,30.1,51.9,52.6,2487,727,182,39,2060,1072,2736,1436,1819,141,Unhealthy for Sensitive Groups,1
2025-10-14T16:00,30.4,52.4,53.2,2518,731,183,39,1994,1065,2654,1427,1772,143,Unhealthy for Sensitive Groups,1
2025-10-14T17:00,31.1,53.6,54.4,2575,753,188,39,1869,1067,2473,1433,1681,146,Unhealthy for Sensitive Groups,1
2025-10-14T18:00,31.3,54.0,54.8,2604,753,189,40,1770,1069,2325,1434,1620,147,Unhealthy for Sensitive Groups,1
2025-10-14T19:00,31.2,53.8,54.5,2582,755,187,40,1728,1062,2261,1409,1597,146,Unhealthy for Sensitive Groups,1
2025-10-14T20:00,30.9,53.3,54.0,2548,741,187,40,1718,1063,2233,1394,1569,145,Unhealthy for Sensitive Groups,1
2025-10-14T21:00,30.9,53.2,53.8,2546,748,186,39,1710,1062,2226,1387,1569,145,Unhealthy for Sensitive Groups,1
2025-10-14T22:00,31.1,53.7,54.1,2580,749,187,40,1716,1053,2245,1400,1581,146,Unhealthy for Sensitive Groups,1
2025-10-14T23:00,31.7,54.7,55.2,2640,769,191,41,1750,1068,2292,1421,1594,148,Unhealthy for Sensitive Groups,1
2025-10-15T00:00,37.9,65.4,66.1,3144,921,228,49,1869,1111,2433,1478,1690,156,Unhealthy,1
2025-10-15T01:00,41.1,70.8,71.2,3390,991,248,53,1929,1154,2500,1512,1740,159,Unhealthy,1
2025-10-15T02:00,40.1,69.2,69.6,3343,965,241,51,1905,1141,2502,1488,1738,158,Unhealthy,1
2025-10-15T03:00,36.7,63.3,63.8,3057,890,220,47,1877,1119,2468,1450,1690,155,Unhealthy,1
2025-10-15T04:00,30.9,53.2,53.9,2536,750,186,40,1753,1083,2310,1368,1601,145,Unhealthy for Sensitive Groups,1
2025-10-15T05:00,26.2,45.2,46.3,2175,628,158,33,1665,1056,2159,1293,1530,125,Unhealthy for Sensitive Groups,1
2025-10-15T06:00,25.1,43.3,44.6,2081,603,153,32,1624,1042,2127,1297,1483,120,Unhealthy for Sensitive Groups,1
2025-10-15T07:00,25.4,43.8,45.1,2112,615,154,32,1606,1047,2067,1270,1460,121,Unhealthy for Sensitive Groups,1
2025-10-15T08:00,25.6,44.1,45.4,2114,620,155,33,1607,1030,2057,1279,1475,122,Unhealthy for Sensitive Groups,1
2025-10-15T09:00,25.9,44.6,45.8,2140,616,156,33,1614,1039,2086,1290,1474,123,Unhealthy for Sensitive Groups,1
2025-10-15T10:00,26.0,44.8,45.9,2149,631,155,33,1649,1031,2158,1322,1509,124,Unhealthy for Sensitive Groups,1
2025-10-15T11:00,28.9,49.8,50.8,2378,705,174,37,1757,1054,2298,1415,1598,136,Unhealthy for Sensitive Groups,1
2025-10-15T12:00,36.6,63.1,63.8,3023,881,220,46,1911,1127,2539,1551,1732,155,Unhealthy,1
2025-10-15T13:00,39.3,67.8,68.5,3257,961,238,50,2013,1128,2659,1582,1791,157,Unhealthy,1
2025-10-15T14:00,40.9,70.5,71.2,3377,982,248,53,2100,1157,2769,1607,1874,159,Unhealthy,1
2025-10-15T15:00,43.2,74.5,75.2,3581,1038,260,55,2152,1168,2873,1629,1916,161,Unhealthy,1
2025-10-15T16:00,42.9,74.0,74.7,3545,1034,258,55,2147,1153,2833,1626,1897,161,Unhealthy,1
2025-10-15T17:00,40.9,70.5,71.2,3374,984,247,53,2071,1140,2744,1575,1851,159,Unhealthy,1
2025-10-15T18:00,39.8,68.7,69.4,3290,964,239,50,2006,1130,2656,1552,1808,158,Unhealthy,1
2025-10-15T19:00,38.7,66.8,67.5,3189,934,232,49,1954,1115,2557,1538,1750,157,Unhealthy,1
2025-10-15T20:00,37.5,64.7,65.4,3113,901,226,48,1861,1106,2464,1496,1704,156,Unhealthy,1
2025-10-15T21:00,36.9,63.6,64.5,3046,890,222,48,1839,1109,2392,1475,1665,155,Unhealthy,1
2025-10-15T22:00,37.0,63.8,64.7,3066,891,223,48,1847,1106,2412,1478,1655,155,Unhealthy,1
2025-10-15T23:00,37.8,65.2,66.4,3119,905,227,48,1886,1118,2443,1505,1678,156,Unhealthy,1
2025-10-16T00:00,40.1,69.2,70.3,3323,971,240,52,1925,1128,2517,1546,1738,158,Unhealthy,1
2025-10-16T01:00,42.5,73.3,74.3,3520,1024,255,55,1958,1157,2561,1544,1774,160,Unhealthy,1
2025-10-16T02:00,41.2,71.0,72.4,3418,991,248,52,1948,1164,2559,1500,1766,159,Unhealthy,1
2025-10-16T03:00,35.0,60.3,61.7,2907,845,212,44,1849,1120,2449,1432,1679,153,Unhealthy,1
2025-10-16T04:00,27.4,47.3,48.4,2273,657,167,35,1725,1088,2264,1338,1561,130,Unhealthy for Sensitive Groups,1
2025-10-16T05:00,26.4,45.5,46.6,2188,644,160,34,1662,1072,2176,1314,1533,126,Unhealthy for Sensitive Groups,1
2025-10-16T06:00,26.6,45.8,46.6,2181,647,160,34,1628,1073,2141,1309,1493,126,Unhealthy for Sensitive Groups,1
2025-10-16T07:00,28.5,49.1,50.1,2343,686,173,36,1631,1100,2135,1297,1513,134,Unhealthy for Sensitive Groups,1
2025-10-16T08:00,30.4,52.5,53.3,2517,737,185,39,1660,1114,2185,1334,1531,143,Unhealthy for Sensitive Groups,1
2025-10-16T09:00,31.8,54.8,55.6,2630,767,191,40,1699,1133,2211,1359,1564,149,Unhealthy for Sensitive Groups,1
2025-10-16T10:00,31.8,54.9,55.6,2632,774,189,41,1801,1119,2340,1422,1613,149,Unhealthy for Sensitive Groups,1
2025-10-16T11:00,37.7,65.0,65.4,3112,905,229,49,2001,1172,2606,1564,1781,156,Unhealthy,1
2025-10-16T12:00,38.3,66.1,66.6,3160,928,231,49,2083,1141,2738,1590,1830,156,Unhealthy,1
2025-10-16T13:00,41.2,71.0,71.7,3414,996,248,53,2109,1158,2794,1598,1884,159,Unhealthy,1
2025-10-16T14:00,41.6,71.7,72.4,3434,998,249,53,2077,1160,2727,1611,1856,159,Unhealthy,1
2025-10-16T15:00,39.8,68.7,69.4,3296,959,240,51,2023,1133,2647,1573,1798,158,Unhealthy,1
2025-10-16T16:00,39.4,68.0,68.7,3267,945,236,51,1947,1125,2547,1584,1746,157,Unhealthy,1
2025-10-16T17:00,42.1,72.6,73.6,3477,1017,253,54,1894,1149,2489,1627,1739,160,Unhealthy,1
2025-10-16T18:00,45.2,78.0,78.7,3760,1096,271,58,1891,1165,2463,1658,1732,163,Unhealthy,1
2025-10-16T19:00,41.1,70.8,71.2,3390,988,246,52,1806,1135,2365,1600,1686,159,Unhealthy,1
2025-10-16T20:00,39.7,68.5,68.9,3292,959,238,51,1792,1139,2355,1571,1657,158,Unhealthy,1
2025-10-16T21:00,41.1,70.8,71.2,3391,991,249,52,1837,1161,2358,1577,1677,159,Unhealthy,1
2025-10-16T22:00,41.7,71.9,72.4,3457,1000,250,53,1848,1177,2401,1577,1692,159,Unhealthy,1
2025-10-16T23:00,42.8,73.8,74.3,3548,1035,259,55,1894,1195,2440,1620,1722,160,Unhealthy,1
2025-10-17T00:00,51.7,89.2,89.9,4284,1243,311,67,2037,1230,2645,1708,1852,168,Unhealthy,1
2025-10-17T01:00,55.2,95.2,95.9,4564,1333,332,71,2103,1280,2731,1733,1894,171,Unhealthy,1
2025-10-17T02:00,48.9,84.3,85.2,4044,1178,296,63,2045,1265,2656,1636,1838,166,Unhealthy,1
2025-10-17T03:00,42.8,73.8,75.0,3553,1031,259,56,1953,1253,2568,1552,1762,160,Unhealthy,1
2025-10-17T04:00,37.0,63.8,65.2,3058,892,221,47,1845,1205,2418,1459,1692,155,Unhealthy,1
2025-10-17T05:00,35.4,61.0,62.2,2918,857,213,45,1797,1171,2338,1421,1638,154,Unhealthy,1
2025-10-17T06:00,35.0,60.3,61.2,2897,854,210,45,1752,1154,2279,1410,1620,153,Unhealthy,1
2025-10-17T07:00,34.5,59.4,60.3,2845,828,208,44,1742,1146,2241,1396,1607,153,Unhealthy,1
2025-10-17T08:00,33.6,57.9,58.4,2773,809,202,43,1726,1146,2235,1362,1569,152,Unhealthy,1
2025-10-17T09:00,32.8,56.6,57.0,2709,792,199,42,1725,1124,2253,1394,1575,152,Unhealthy,1
2025-10-17T10:00,31.8,54.9,55.5,2630,772,192,41,1746,1110,2277,1416,1597,149,Unhealthy for Sensitive Groups,1
2025-10-17T11:00,35.7,61.5,61.9,2957,865,216,46,1848,1132,2409,1519,1663,154,Unhealthy,1
2025-10-17T12:00,49.4,85.2,85.9,4093,1191,298,64,2094,1239,2719,1720,1883,166,Unhealthy,1
2025-10-17T13:00,60.8,104.8,105.5,5052,1465,367,78,2356,1315,3069,1857,2082,176,Unhealthy,1
2025-10-17T14:00,64.1,110.6,111.3,5304,1549,388,82,2497,1333,3291,1901,2190,179,Unhealthy,1
2025-10-17T15:00,60.5,104.3,105.0,5010,1466,364,78,2512,1302,3269,1886,2182,176,Unhealthy,1
2025-10-17T16:00,60.8,104.8,105.5,5020,1470,367,78,2440,1315,3228,1857,2169,176,Unhealthy,1
2025-10-17T17:00,57.9,99.9,100.6,4784,1392,348,74,2306,1286,3020,1772,2057,174,Unhealthy,1
2025-10-17T18:00,42.5,73.3,73.8,3517,1030,256,55,2009,1183,2631,1592,1801,160,Unhealthy,1
2025-10-17T19:00,37.1,64.0,64.0,3079,895,225,47,1905,1143,2459,1499,1701,155,Unhealthy,1
2025-10-17T20:00,37.0,63.8,64.0,3070,890,222,47,1865,1129,2426,1481,1697,155,Unhealthy,1
2025-10-17T21:00,39.3,67.8,68.0,3258,945,237,50,1885,1170,2481,1485,1715,157,Unhealthy,1
2025-10-17T22:00,41.1,70.8,71.0,3400,983,247,52,1924,1173,2540,1517,1740,159,Unhealthy,1
2025-10-17T23:00,42.3,72.9,73.1,3504,1026,256,54,1970,1190,2586,1548,1783,160,Unhealthy,1
2025-10-18T00:00,49.4,85.2,85.7,4100,1190,299,63,2104,1219,2743,1647,1869,166,Unhealthy,1
2025-10-18T01:00,50.5,87.1,87.5,4175,1218,305,65,2086,1257,2748,1659,1882,167,Unhealthy,1
2025-10-18T02:00,52.0,89.6,90.1,4301,1254,314,66,2083,1293,2719,1648,1875,169,Unhealthy,1
2025-10-18T03:00,46.6,80.3,81.0,3870,1119,279,60,1991,1295,2575,1577,1793,164,Unhealthy,1
2025-10-18T04:00,34.5,59.5,60.1,2854,836,208,44,1794,1197,2317,1426,1629,153,Unhealthy,1
2025-10-18T05:00,29.7,51.2,51.6,2460,714,178,38,1688,1129,2182,1357,1518,140,Unhealthy for Sensitive Groups,1
2025-10-18T06:00,27.4,47.3,47.6,2281,655,165,35,1610,1093,2103,1315,1494,130,Unhealthy for Sensitive Groups,1
2025-10-18T07:00,25.2,43.5,43.8,2092,609,150,32,1574,1050,2047,1290,1466,121,Unhealthy for Sensitive Groups,1
2025-10-18T08:00,23.4,40.3,40.5,1930,562,140,30,1553,1044,2027,1256,1434,113,Unhealthy for Sensitive Groups,1
2025-10-18T09:00,22.3,38.4,38.6,1841,537,134,29,1544,1036,2010,1261,1413,108,Unhealthy for Sensitive Groups,1
2025-10-18T10:00,21.9,37.8,38.1,1823,530,133,27,1583,1028,2055,1305,1448,107,Unhealthy for Sensitive Groups,1
2025-10-18T11:00,28.7,49.5,49.6,2365,690,175,37,1700,1085,2222,1465,1555,135,Unhealthy for Sensitive Groups,1
2025-10-18T12:00,36.3,62.6,62.9,3028,876,219,47,1841,1130,2397,1574,1677,155,Unhealthy,1
2025-10-18T13:00,46.2,79.6,79.9,3809,1115,277,59,1984,1195,2584,1731,1795,163,Unhealthy,1
2025-10-18T14:00,54.2,93.4,93.6,4480,1311,328,69,2100,1256,2721,1857,1890,171,Unhealthy,1
2025-10-18T15:00,55.9,96.4,96.6,4628,1348,337,71,2109,1273,2746,1882,1896,172,Unhealthy,1
2025-10-18T16:00,54.4,93.8,94.1,4496,1307,329,70,2091,1263,2734,1861,1873,171,Unhealthy,1
2025-10-18T17:00,52.0,89.6,89.6,4323,1248,311,67,2076,1234,2679,1813,1866,169,Unhealthy,1
2025-10-18T18:00,50.5,87.1,87.5,4188,1220,304,65,2027,1209,2627,1769,1831,167,Unhealthy,1
2025-10-18T19:00,52.8,91.0,91.5,4356,1274,319,68,2051,1219,2690,1779,1864,169,Unhealthy,1
2025-10-18T20:00,54.8,94.5,94.8,4541,1319,330,70,2088,1241,2702,1811,1891,171,Unhealthy,1
2025-10-18T21:00,56.7,97.8,98.0,4699,1370,343,73,2128,1256,2774,1825,1923,173,Unhealthy,1
2025-10-18T22:00,55.5,95.7,95.9,4586,1337,333,72,2143,1244,2796,1815,1932,172,Unhealthy,1
2025-10-18T23:00,55.2,95.2,95.5,4582,1330,333,71,2214,1242,2872,1803,1968,171,Unhealthy,1
2025-10-19T00:00,63.3,109.2,109.4,5239,1528,382,81,2340,1310,3037,1880,2078,179,Unhealthy,1
2025-10-19T01:00,60.8,104.8,104.8,5056,1463,368,79,2270,1305,2982,1832,2030,176,Unhealthy,1
2025-10-19T02:00,46.2,79.6,79.9,3814,1110,277,59,2025,1227,2646,1629,1825,163,Unhealthy,1
2025-10-19T03:00,34.4,59.3,59.4,2854,822,207,44,1805,1177,2375,1474,1647,153,Unhealthy,1
2025-10-19T04:00,22.7,39.2,39.5,1887,549,137,29,1612,1065,2105,1315,1470,110,Unhealthy for Sensitive Groups,1
2025-10-19T05:00,18.2,31.3,31.5,1514,442,110,23,1501,1022,1965,1258,1394,91,Moderate,0
2025-10-19T06:00,16.5,28.5,28.7,1369,397,99,21,1457,988,1884,1188,1336,85,Moderate,0
2025-10-19T07:00,15.5,26.7,27.0,1286,369,91,20,1446,967,1866,1172,1329,82,Moderate,0
2025-10-19T08:00,15.1,26.0,26.3,1257,362,91,19,1417,969,1852,1155,1331,80,Moderate,0
2025-10-19T09:00,14.9,25.7,26.0,1224,359,89,19,1436,962,1877,1193,1337,80,Moderate,0
2025-10-19T10:00,15.5,26.8,27.1,1286,369,92,20,1457,968,1912,1259,1355,82,Moderate,0
2025-10-19T11:00,25.1,43.3,43.5,2083,606,149,32,1625,1031,2128,1459,1503,120,Unhealthy for Sensitive Groups,1
2025-10-19T12:00,36.6,63.1,63.3,3026,889,220,47,1821,1131,2376,1647,1661,155,Unhealthy,1
2025-10-19T13:00,50.1,86.4,86.6,4147,1211,303,65,2060,1214,2710,1823,1863,167,Unhealthy,1
2025-10-19T14:00,60.8,104.8,104.8,5018,1459,367,78,2284,1292,2981,2013,2030,176,Unhealthy,1
2025-10-19T15:00,68.2,117.6,117.8,5646,1646,412,88,2436,1368,3189,2128,2160,183,Unhealthy,1
2025-10-19T16:00,73.2,126.2,126.2,6053,1763,441,95,2528,1381,3330,2175,2241,188,Unhealthy,1
2025-10-19T17:00,73.5,126.7,126.7,6091,1771,445,95,2548,1398,3327,2159,2259,188,Unhealthy,1
2025-10-19T18:00,66.6,114.8,115.0,5523,1613,401,85,2451,1329,3220,2051,2163,182,Unhealthy,1
2025-10-19T19:00,59.2,102.0,102.0,4897,1422,356,76,2298,1276,3017,1953,2054,175,Unhealthy,1
2025-10-19T20:00,50.6,87.3,87.5,4200,1219,304,65,2123,1224,2790,1825,1907,167,Unhealthy,1
2025-10-19T21:00,44.8,77.3,77.5,3732,1079,271,57,2003,1196,2617,1734,1811,162,Unhealthy,1
2025-10-19T22:00,40.9,70.5,70.5,3380,983,245,52,1952,1153,2526,1661,1750,159,Unhealthy,1
2025-10-19T23:00,38.2,65.9,66.1,3171,926,230,49,1906,1139,2506,1617,1725,156,Unhealthy,1
2025-10-20T00:00,42.0,72.4,73.3,3481,1018,253,53,1959,1175,2549,1687,1774,160,Unhealthy,1
2025-10-20T01:00,40.0,68.9,69.8,3307,965,242,51,1935,1176,2482,1629,1733,158,Unhealthy,1
2025-10-20T02:00,37.8,65.2,65.2,3142,915,228,48,1864,1162,2429,1553,1704,156,Unhealthy,1
2025-10-20T03:00,31.6,54.5,54.6,2619,758,191,41,1751,1127,2293,1431,1605,148,Unhealthy for Sensitive Groups,1
2025-10-20T04:00,22.2,38.2,38.4,1832,536,132,28,1597,1050,2098,1302,1463,108,Unhealthy for Sensitive Groups,1
2025-10-20T05:00,17.5,30.2,30.4,1458,417,103,22,1499,1001,1970,1225,1380,89,Moderate,0
2025-10-20T06:00,15.2,26.2,26.4,1273,374,93,20,1438,978,1872,1182,1325,81,Moderate,0
2025-10-20T07:00,14.1,24.3,24.6,1166,339,84,18,1411,961,1844,1154,1309,77,Moderate,0
2025-10-20T08:00,13.4,23.1,23.3,1101,315,80,17,1407,955,1808,1167,1313,74,Moderate,0
2025-10-20T09:00,13.0,22.5,22.7,1085,314,77,16,1412,958,1848,1159,1300,73,Moderate,0
2025-10-20T10:00,13.7,23.6,23.7,1134,323,82,17,1441,943,1895,1208,1329,75,Moderate,0
2025-10-20T11:00,19.7,34.0,34.2,1603,475,120,25,1569,995,2065,1327,1445,97,Moderate,0
2025-10-20T12:00,29.1,50.1,50.3,2412,706,175,37,1741,1066,2286,1503,1595,137,Unhealthy for Sensitive Groups,1
2025-10-20T13:00,35.1,60.5,60.8,2895,852,211,45,1876,1101,2476,1598,1694,154,Unhealthy,1
2025-10-20T14:00,41.3,71.2,71.5,3418,998,247,53,2026,1154,2653,1684,1811,159,Unhealthy,1
2025-10-20T15:00,45.6,78.7,78.9,3777,1095,276,58,2103,1194,2779,1748,1880,163,Unhealthy,1
2025-10-20T16:00,45.8,78.9,79.2,3791,1107,276,59,2097,1191,2748,1707,1879,163,Unhealthy,1
2025-10-20T17:00,40.3,69.4,69.6,3340,962,241,52,2013,1147,2611,1622,1799,158,Unhealthy,1
2025-10-20T18:00,34.0,58.6,58.7,2806,817,204,43,1872,1109,2458,1511,1683,153,Unhealthy,1
2025-10-20T19:00,29.2,50.4,50.5,2403,709,176,37,1779,1062,2289,1429,1601,138,Unhealthy for Sensitive Groups,1
2025-10-20T20:00,26.0,44.8,44.8,2151,621,157,33,1664,1039,2150,1382,1512,124,Unhealthy for Sensitive Groups,1
2025-10-20T21:00,23.8,41.1,41.2,1981,577,143,30,1591,1012,2059,1326,1463,115,Unhealthy for Sensitive Groups,1
2025-10-20T22:00,22.7,39.1,39.2,1897,543,136,29,1573,1008,2042,1325,1449,110,Unhealthy for Sensitive Groups,1
2025-10-20T23:00,22.6,39.0,39.1,1881,550,139,29,1604,1007,2090,1333,1467,110,Unhealthy for Sensitive Groups,1
2025-10-21T00:00,26.4,45.6,45.8,2190,643,158,34,1689,1034,2173,1374,1543,126,Unhealthy for Sensitive Groups,1
2025-10-21T01:00,28.8,49.6,49.8,2380,690,173,37,1727,1058,2249,1394,1562,136,Unhealthy for Sensitive Groups,1
2025-10-21T02:00,28.8,49.6,49.8,2396,693,174,37,1738,1068,2268,1388,1567,136,Unhealthy for Sensitive Groups,1
2025-10-21T03:00,24.0,41.3,41.6,1985,573,145,30,1659,1048,2169,1332,1508,115,Unhealthy for Sensitive Groups,1
2025-10-21T04:00,19.9,34.3,34.6,1655,474,120,26,1563,1019,2062,1272,1444,98,Moderate,0
2025-10-21T05:00,18.0,31.1,31.4,1497,437,109,23,1499,1018,1979,1233,1381,91,Moderate,0
2025-10-21T06:00,17.6,30.3,30.5,1465,423,103,22,1458,1010,1909,1219,1366,89,Moderate,0
2025-10-21T07:00,16.4,28.2,28.4,1349,396,98,21,1442,991,1883,1188,1346,85,Moderate,0
2025-10-21T08:00,15.5,26.8,27.0,1290,382,93,19,1430,981,1871,1162,1324,82,Moderate,0
2025-10-21T09:00,14.9,25.7,25.8,1222,363,91,19,1429,973,1878,1177,1334,80,Moderate,0
2025-10-21T10:00,15.4,26.5,26.7,1281,373,92,20,1428,980,1887,1235,1351,81,Moderate,0
2025-10-21T11:00,23.9,41.2,41.3,1991,576,145,31,1597,1049,2076,1424,1450,115,Unhealthy for Sensitive Groups,1
2025-10-21T12:00,40.4,69.6,69.6,3338,971,245,52,1841,1164,2391,1715,1675,158,Unhealthy,1
2025-10-21T13:00,52.5,90.6,90.8,4350,1265,315,67,2046,1244,2649,1857,1852,169,Unhealthy,1
2025-10-21T14:00,59.0,101.7,102.0,4866,1426,356,75,2178,1289,2836,1999,1947,175,Unhealthy,1
2025-10-21T15:00,61.4,105.9,106.2,5084,1481,371,79,2249,1310,2927,2049,2020,177,Unhealthy,1
2025-10-21T16:00,60.4,104.1,104.5,5015,1457,363,77,2266,1296,2979,2009,2023,176,Unhealthy,1
2025-10-21T17:00,56.8,98.0,98.3,4712,1370,343,73,2275,1278,2959,1900,2012,173,Unhealthy,1
2025-10-21T18:00,49.8,85.9,86.4,4121,1198,300,64,2180,1225,2864,1795,1932,167,Unhealthy,1
2025-10-21T19:00,42.7,73.6,74.0,3546,1030,257,55,2050,1180,2690,1659,1832,160,Unhealthy,1
2025-10-21T20:00,37.9,65.4,65.9,3127,916,228,48,1919,1123,2509,1560,1731,156,Unhealthy,1
2025-10-21T21:00,35.4,61.0,61.9,2917,859,212,46,1844,1108,2423,1487,1675,154,Unhealthy,1
2025-10-21T22:00,35.0,60.3,61.5,2904,841,212,45,1830,1108,2387,1503,1664,153,Unhealthy,1
2025-10-21T23:00,36.2,62.4,63.8,2977,878,216,47,1864,1108,2420,1524,1678,155,Unhealthy,1
2025-10-22T00:00,44.3,76.4,78.5,3664,1072,268,57,1970,1169,2558,1632,1790,162,Unhealthy,1
2025-10-22T01:00,46.9,80.8,83.1,3894,1126,282,60,2012,1195,2623,1633,1813,164,Unhealthy,1
2025-10-22T02:00,39.6,68.2,69.4,3279,954,238,51,1905,1163,2487,1536,1728,158,Unhealthy,1
2025-10-22T03:00,29.3,50.6,50.9,2425,711,176,38,1755,1107,2299,1373,1582,138,Unhealthy for Sensitive Groups,1
2025-10-22T04:00,22.2,38.2,38.6,1821,535,135,29,1625,1065,2104,1286,1475,108,Unhealthy for Sensitive Groups,1
2025-10-22T05:00,21.8,37.5,38.0,1793,524,130,27,1578,1054,2055,1288,1439,106,Unhealthy for Sensitive Groups,1
2025-10-22T06:00,21.5,37.0,37.4,1750,516,130,28,1527,1060,1997,1257,1443,105,Unhealthy for Sensitive Groups,1
2025-10-22T07:00,21.7,37.4,37.7,1780,524,131,28,1530,1055,1986,1251,1414,106,Unhealthy for Sensitive Groups,1
2025-10-22T08:00,21.9,37.8,38.2,1820,527,132,28,1542,1048,1978,1254,1413,107,Unhealthy for Sensitive Groups,1
2025-10-22T09:00,22.2,38.3,38.6,1831,533,135,28,1572,1052,2018,1261,1433,108,Unhealthy for Sensitive Groups,1
2025-10-22T10:00,22.6,39.0,39.3,1877,548,137,29,1572,1047,2050,1334,1455,110,Unhealthy for Sensitive Groups,1
2025-10-22T11:00,28.8,49.7,50.1,2356,698,174,37,1685,1099,2211,1463,1548,136,Unhealthy for Sensitive Groups,1
2025-10-22T12:00,43.6,75.2,75.4,3599,1047,262,56,1930,1209,2508,1713,1740,161,Unhealthy,1
2025-10-22T13:00,58.2,100.4,100.4,4823,1408,352,75,2167,1311,2819,1912,1940,174,Unhealthy,1
2025-10-22T14:00,65.8,113.4,113.6,5441,1584,396,85,2298,1363,2976,2060,2065,181,Unhealthy,1
2025-10-22T15:00,67.2,115.9,115.9,5555,1625,406,86,2334,1370,3033,2109,2092,182,Unhealthy,1
2025-10-22T16:00,62.5,107.8,107.8,5171,1501,377,80,2248,1341,2934,1995,1993,178,Unhealthy,1
2025-10-22T17:00,53.1,91.5,91.7,4393,1288,321,68,2061,1274,2673,1823,1872,170,Unhealthy,1
2025-10-22T18:00,44.7,77.1,77.3,3711,1090,270,57,1908,1194,2470,1656,1734,162,Unhealthy,1
2025-10-22T19:00,39.7,68.5,68.7,3289,955,240,51,1817,1158,2361,1574,1655,158,Unhealthy,1
2025-10-22T20:00,35.8,61.7,62.2,2955,862,214,46,1747,1127,2276,1501,1613,154,Unhealthy,1
2025-10-22T21:00,32.2,55.6,56.7,2667,779,194,41,1696,1075,2210,1460,1570,151,Unhealthy,1
2025-10-22T22:00,30.3,52.2,53.8,2515,735,182,39,1688,1071,2211,1445,1551,142,Unhealthy for Sensitive Groups,1
2025-10-22T23:00,31.1,53.7,55.5,2573,751,188,39,1717,1076,2252,1459,1583,146,Unhealthy for Sensitive Groups,1
2025-10-23T00:00,32.7,56.3,58.4,2697,794,197,42,1782,1081,2332,1483,1622,151,Unhealthy,1
2025-10-23T01:00,40.1,69.2,69.4,3310,962,243,52,1876,1154,2466,1534,1722,158,Unhealthy,1
2025-10-23T02:00,35.1,60.5,60.5,2894,849,211,45,1803,1150,2358,1460,1650,154,Unhealthy,1
2025-10-23T03:00,28.0,48.3,48.3,2313,675,168,35,1696,1134,2226,1371,1548,133,Unhealthy for Sensitive Groups,1
2025-10-23T04:00,19.4,33.5,33.6,1608,471,116,25,1564,1063,2045,1263,1437,96,Moderate,0
2025-10-23T05:00,18.8,32.4,32.5,1561,452,112,24,1536,1036,1976,1239,1407,94,Moderate,0
2025-10-23T06:00,19.4,33.5,33.8,1609,469,117,25,1501,1034,1973,1218,1399,96,Moderate,0
2025-10-23T07:00,20.4,35.2,35.4,1706,492,123,26,1517,1040,1980,1242,1413,100,Moderate,0
2025-10-23T08:00,20.6,35.6,35.7,1697,499,125,27,1539,1036,1982,1221,1411,101,Unhealthy for Sensitive Groups,1
2025-10-23T09:00,20.8,35.9,36.1,1727,506,125,26,1534,1035,2019,1231,1419,102,Unhealthy for Sensitive Groups,1
2025-10-23T10:00,20.4,35.2,35.4,1709,492,123,26,1527,1040,1971,1289,1402,100,Moderate,0
2025-10-23T11:00,23.3,40.2,40.4,1926,561,141,29,1574,1058,2033,1360,1445,113,Unhealthy for Sensitive Groups,1
2025-10-23T12:00,53.6,92.4,92.7,4439,1293,322,69,2014,1281,2592,1794,1816,170,Unhealthy,1
2025-10-23T13:00,62.1,107.1,107.6,5145,1505,375,80,2145,1340,2779,1939,1942,178,Unhealthy,1
2025-10-23T14:00,69.1,119.2,119.7,5716,1669,416,89,2295,1402,2944,2050,2062,184,Unhealthy,1
2025-10-23T15:00,77.5,133.6,134.1,6410,1867,468,100,2417,1454,3142,2146,2182,191,Unhealthy,1
2025-10-23T16:00,77.8,134.1,134.1,6417,1880,468,100,2439,1459,3152,2093,2189,192,Unhealthy,1
2025-10-23T17:00,48.0,82.7,82.9,3975,1165,287,62,2032,1247,2635,1670,1839,165,Unhealthy,1
2025-10-23T18:00,37.9,65.4,65.4,3137,921,227,49,1877,1178,2476,1482,1686,156,Unhealthy,1
2025-10-23T19:00,37.1,64.0,64.3,3073,897,224,48,1843,1168,2428,1433,1682,155,Unhealthy,1
2025-10-23T20:00,36.9,63.6,63.6,3047,890,222,47,1807,1155,2350,1432,1657,155,Unhealthy,1
2025-10-23T21:00,36.3,62.6,62.9,2993,879,219,46,1780,1152,2312,1433,1635,155,Unhealthy,1
2025-10-23T22:00,35.5,61.2,61.5,2945,855,213,46,1799,1140,2326,1427,1623,154,Unhealthy,1
2025-10-23T23:00,34.0,58.6,58.7,2818,822,206,44,1780,1126,2328,1426,1632,153,Unhealthy,1
2025-10-24T00:00,48.5,83.6,83.6,4032,1182,293,62,2016,1255,2614,1662,1821,166,Unhealthy,1
2025-10-24T01:00,38.3,66.1,66.1,3177,928,231,49,1873,1174,2441,1519,1707,156,Unhealthy,1
2025-10-24T02:00,26.4,45.5,45.6,2188,643,159,34,1704,1090,2252,1362,1554,126,Unhealthy for Sensitive Groups,1
2025-10-24T03:00,18.8,32.5,32.6,1559,448,113,24,1604,1040,2102,1248,1454,94,Moderate,0
2025-10-24T04:00,19.0,32.7,32.8,1576,459,114,24,1561,1040,2066,1229,1450,94,Moderate,0
2025-10-24T05:00,19.8,34.1,34.2,1632,481,119,25,1548,1042,2042,1235,1434,97,Moderate,0
2025-10-24T06:00,20.0,34.5,34.7,1638,484,119,25,1524,1039,2000,1250,1414,98,Moderate,0
2025-10-24T07:00,20.2,34.9,35.2,1658,484,123,26,1520,1033,1994,1239,1422,99,Moderate,0
2025-10-24T08:00,20.9,36.0,36.1,1724,498,125,27,1517,1030,1990,1228,1412,102,Unhealthy for Sensitive Groups,1
2025-10-24T09:00,21.1,36.3,36.4,1734,507,126,27,1535,1026,1979,1238,1408,103,Unhealthy for Sensitive Groups,1
2025-10-24T10:00,21.4,36.9,37.0,1770,510,128,27,1547,1042,2008,1321,1423,104,Unhealthy for Sensitive Groups,1
2025-10-24T11:00,27.0,46.6,46.8,2234,659,164,34,1652,1089,2134,1477,1524,128,Unhealthy for Sensitive Groups,1
2025-10-24T12:00,31.3,53.9,54.0,2575,750,189,40,1725,1103,2246,1491,1582,146,Unhealthy for Sensitive Groups,1
2025-10-24T13:00,40.1,69.2,69.4,3333,967,242,51,1852,1164,2402,1628,1682,158,Unhealthy,1
2025-10-24T14:00,44.3,76.4,76.4,3672,1065,267,57,1906,1184,2471,1704,1730,162,Unhealthy,1
2025-10-24T15:00,45.2,78.0,78.0,3727,1098,274,58,1918,1187,2484,1724,1740,163,Unhealthy,1
2025-10-24T16:00,43.7,75.4,75.4,3611,1052,262,56,1882,1169,2450,1693,1713,161,Unhealthy,1
2025-10-24T17:00,40.0,68.9,68.9,3309,966,241,51,1825,1143,2348,1603,1671,158,Unhealthy,1
2025-10-24T18:00,36.9,63.6,63.6,3045,890,223,47,1776,1128,2287,1521,1623,155,Unhealthy,1
2025-10-24T19:00,38.1,65.7,65.7,3160,918,231,48,1786,1116,2328,1560,1627,156,Unhealthy,1
2025-10-24T20:00,41.1,70.8,70.8,3392,994,247,53,1821,1126,2361,1582,1664,159,Unhealthy,1
2025-10-24T21:00,42.8,73.8,73.8,3556,1028,259,55,1848,1156,2401,1619,1700,160,Unhealthy,1
2025-10-24T22:00,41.9,72.2,72.2,3462,1008,251,53,1875,1155,2389,1597,1695,160,Unhealthy,1
2025-10-24T23:00,40.7,70.1,70.1,3370,983,245,52,1857,1145,2389,1592,1684,159,Unhealthy,1
2025-10-25T00:00,60.1,103.6,103.8,4974,1462,362,77,2145,1276,2771,1834,1951,176,Unhealthy,1
2025-10-25T01:00,59.8,103.1,103.6,4937,1445,359,77,2132,1305,2768,1806,1943,176,Unhealthy,1
2025-10-25T02:00,48.8,84.1,84.1,4024,1177,293,62,1987,1278,2607,1649,1793,166,Unhealthy,1
2025-10-25T03:00,40.8,70.3,70.5,3368,988,248,52,1858,1264,2441,1519,1708,159,Unhealthy,1
2025-10-25T04:00,30.0,51.8,52.3,2460,725,181,39,1702,1166,2221,1388,1556,141,Unhealthy for Sensitive Groups,1
2025-10-25T05:00,28.1,48.5,49.1,2323,675,170,36,1660,1119,2152,1337,1525,133,Unhealthy for Sensitive Groups,1
2025-10-25T06:00,29.2,50.4,50.9,2445,701,177,38,1664,1111,2166,1336,1527,138,Unhealthy for Sensitive Groups,1
2025-10-25T07:00,30.4,52.5,53.1,2532,739,183,38,1671,1098,2174,1341,1535,143,Unhealthy for Sensitive Groups,1
2025-10-25T08:00,31.4,54.2,54.8,2601,759,190,39,1680,1112,2202,1331,1535,147,Unhealthy for Sensitive Groups,1
2025-10-25T09:00,32.4,55.9,56.5,2689,780,194,41,1701,1116,2191,1374,1574,151,Unhealthy,1
2025-10-25T10:00,33.3,57.5,58.2,2766,800,201,43,1727,1133,2232,1445,1584,152,Unhealthy,1
2025-10-25T11:00,41.6,71.7,72.2,3456,1006,251,53,1858,1192,2389,1636,1693,159,Unhealthy,1
2025-10-25T12:00,57.4,99.0,99.4,4747,1384,346,74,2086,1284,2714,1918,1893,173,Unhealthy,1
2025-10-25T13:00,74.0,127.6,128.1,6134,1782,446,96,2342,1396,3022,2140,2107,188,Unhealthy,1
2025-10-25T14:00,85.9,148.1,148.5,7105,2067,518,111,2539,1498,3294,2373,2278,199,Unhealthy,1
2025-10-25T15:00,94.2,162.5,163.0,7808,2270,569,121,2697,1546,3470,2513,2398,213,Very Unhealthy,1
2025-10-25T16:00,91.8,158.3,158.8,7603,2210,554,118,2684,1544,3461,2483,2393,209,Very Unhealthy,1
2025-10-25T17:00,85.6,147.6,148.1,7079,2062,514,110,2596,1502,3379,2381,2323,199,Unhealthy,1
2025-10-25T18:00,81.8,141.1,141.6,6769,1978,494,105,2565,1469,3331,2295,2276,195,Unhealthy,1
2025-10-25T19:00,78.3,135.0,135.0,6477,1889,472,101,2514,1462,3234,2205,2245,192,Unhealthy,1
2025-10-25T20:00,72.4,124.8,125.3,5994,1751,438,93,2403,1421,3119,2077,2146,187,Unhealthy,1
2025-10-25T21:00,66.3,114.3,114.6,5502,1596,401,85,2291,1375,2968,1965,2072,181,Unhealthy,1
2025-10-25T22:00,60.2,103.8,104.3,4976,1453,365,77,2205,1336,2898,1861,1996,176,Unhealthy,1
2025-10-25T23:00,55.2,95.2,95.5,4583,1329,332,71,2158,1292,2783,1797,1923,171,Unhealthy,1
2025-10-26T00:00,84.6,145.8,146.2,6995,2042,511,109,2546,1512,3289,2262,2257,198,Unhealthy,1
2025-10-26T01:00,81.8,141.1,141.6,6769,1976,492,105,2486,1520,3232,2147,2231,195,Unhealthy,1
2025-10-26T02:00,61.8,106.6,106.9,5116,1490,373,79,2179,1400,2843,1829,1982,177,Unhealthy,1
2025-10-26T03:00,32.8,56.6,56.9,2710,793,198,42,1769,1203,2302,1446,1603,152,Unhealthy,1
2025-10-26T04:00,22.6,39.0,39.3,1870,539,136,29,1601,1113,2095,1302,1477,110,Unhealthy for Sensitive Groups,1
2025-10-26T05:00,20.9,36.1,36.4,1726,500,125,26,1555,1060,2021,1255,1436,102,Unhealthy for Sensitive Groups,1
2025-10-26T06:00,20.6,35.5,35.9,1709,494,123,26,1537,1028,2012,1228,1417,101,Unhealthy for Sensitive Groups,1
2025-10-26T07:00,20.5,35.3,35.6,1697,494,126,26,1522,1021,1978,1226,1408,100,Moderate,0
2025-10-26T08:00,20.2,34.9,35.3,1684,486,122,25,1542,1015,2011,1226,1416,99,Moderate,0
2025-10-26T09:00,20.1,34.7,35.0,1669,487,119,25,1539,1016,1986,1236,1429,99,Moderate,0
2025-10-26T10:00,20.3,35.0,35.4,1692,489,123,26,1534,1012,2038,1295,1425,99,Moderate,0
2025-10-26T11:00,27.6,47.6,48.0,2281,674,168,36,1666,1073,2160,1468,1519,131,Unhealthy for Sensitive Groups,1
2025-10-26T12:00,47.0,81.0,81.3,3890,1129,282,60,1948,1200,2531,1783,1766,164,Unhealthy,1
2025-10-26T13:00,64.7,111.5,112.0,5354,1565,389,83,2208,1337,2862,2019,2001,180,Unhealthy,1
2025-10-26T14:00,78.1,134.6,135.0,6449,1887,471,100,2401,1424,3115,2260,2162,192,Unhealthy,1
2025-10-26T15:00,88.3,152.3,152.7,7314,2123,532,114,2565,1500,3314,2412,2306,203,Very Unhealthy,1
2025-10-26T16:00,93.4,161.1,161.6,7710,2246,563,120,2672,1542,3479,2465,2402,212,Very Unhealthy,1
2025-10-26T17:00,85.6,147.6,148.1,7088,2066,514,110,2651,1497,3480,2314,2368,199,Unhealthy,1
2025-10-26T18:00,72.4,124.8,125.3,5987,1748,436,93,2492,1406,3240,2146,2212,187,Unhealthy,1
2025-10-26T19:00,62.2,107.3,108.0,5139,1500,376,80,2324,1328,3038,1975,2083,178,Unhealthy,1
2025-10-26T20:00,54.7,94.3,95.0,4524,1322,330,71,2144,1283,2800,1814,1931,171,Unhealthy,1
2025-10-26T21:00,48.0,82.7,83.6,3972,1157,289,62,2014,1234,2606,1678,1822,165,Unhealthy,1
2025-10-26T22:00,42.9,74.0,75.0,3560,1041,258,55,1912,1185,2517,1601,1750,161,Unhealthy,1
2025-10-26T23:00,40.7,70.1,71.0,3362,982,244,52,1875,1163,2459,1580,1727,159,Unhealthy,1
2025-10-27T00:00,54.2,93.4,94.3,4487,1313,325,70,2094,1292,2722,1834,1879,171,Unhealthy,1
2025-10-27T01:00,52.5,90.6,91.3,4342,1266,316,68,2053,1286,2664,1759,1862,169,Unhealthy,1
2025-10-27T02:00,42.7,73.6,74.3,3513,1030,256,55,1914,1220,2494,1592,1736,160,Unhealthy,1
2025-10-27T03:00,27.5,47.5,48.3,2281,666,167,35,1686,1103,2190,1382,1540,131,Unhealthy for Sensitive Groups,1
2025-10-27T04:00,20.1,34.6,35.4,1649,494,122,26,1561,1049,2032,1273,1437,98,Moderate,0
2025-10-27T05:00,19.1,32.9,33.9,1566,461,114,24,1518,1026,2012,1247,1397,95,Moderate,0
2025-10-27T06:00,19.0,32.8,33.8,1579,453,115,24,1509,1024,1957,1218,1392,95,Moderate,0
2025-10-27T07:00,19.0,32.8,33.5,1584,453,111,24,1511,1017,1961,1210,1404,95,Moderate,0
2025-10-27T08:00,18.4,31.7,32.2,1502,442,111,23,1498,1001,1935,1193,1394,92,Moderate,0
2025-10-27T09:00,18.2,31.4,32.0,1497,439,110,23,1509,993,1967,1223,1395,92,Moderate,0
2025-10-27T10:00,18.6,32.0,32.5,1530,448,112,23,1533,1000,1996,1303,1395,93,Moderate,0
2025-10-27T11:00,28.7,49.5,49.8,2368,691,172,37,1672,1072,2191,1490,1536,135,Unhealthy for Sensitive Groups,1
2025-10-27T12:00,48.9,84.3,85.0,4049,1178,294,63,1962,1236,2579,1807,1796,166,Unhealthy,1
2025-10-27T13:00,67.6,116.6,117.1,5603,1627,409,87,2264,1363,2929,2071,2037,183,Unhealthy,1
2025-10-27T14:00,79.7,137.4,138.3,6597,1922,482,103,2421,1449,3145,2278,2191,193,Unhealthy,1
2025-10-27T15:00,87.5,150.9,151.3,7255,2104,528,112,2566,1513,3309,2406,2307,201,Very Unhealthy,1
2025-10-27T16:00,91.3,157.4,158.3,7565,2205,550,118,2616,1545,3401,2460,2343,208,Very Unhealthy,1
2025-10-27T17:00,87.2,150.4,150.9,7222,2100,526,112,2557,1504,3321,2376,2295,200,Unhealthy,1
2025-10-27T18:00,78.9,136.0,136.4,6531,1905,475,101,2466,1462,3176,2249,2208,193,Unhealthy,1
2025-10-27T19:00,72.1,124.3,124.8,5962,1739,435,92,2365,1405,3045,2140,2115,187,Unhealthy,1
2025-10-27T20:00,68.6,118.3,119.0,5661,1662,414,88,2299,1372,2972,2051,2070,183,Unhealthy,1
2025-10-27T21:00,66.9,115.3,115.7,5513,1613,402,86,2266,1361,2923,1994,2032,182,Unhealthy,1
2025-10-27T22:00,66.2,114.1,114.3,5485,1595,396,85,2263,1349,2932,1972,2054,181,Unhealthy,1
2025-10-27T23:00,65.9,113.6,114.1,5455,1587,398,85,2289,1349,2963,1959,2060,181,Unhealthy,1
2025-10-28T00:00,64.1,110.6,111.1,5307,1546,386,83,2274,1349,2961,1906,2036,179,Unhealthy,1
2025-10-28T01:00,62.5,107.8,108.3,5169,1513,377,81,2254,1337,2921,1845,2030,178,Unhealthy,1
2025-10-28T02:00,52.3,90.1,90.3,4312,1264,316,68,2077,1291,2730,1677,1864,169,Unhealthy,1
2025-10-28T03:00,31.1,53.6,53.8,2553,753,185,40,1763,1148,2304,1413,1611,146,Unhealthy for Sensitive Groups,1
2025-10-28T04:00,23.4,40.4,40.5,1929,562,140,30,1633,1086,2138,1292,1502,113,Unhealthy for Sensitive Groups,1
2025-10-28T05:00,20.8,35.9,36.0,1738,505,127,26,1555,1042,2045,1246,1442,102,Unhealthy for Sensitive Groups,1
2025-10-28T06:00,19.0,32.7,32.8,1583,460,114,24,1505,1027,1981,1222,1395,94,Moderate,0
2025-10-28T07:00,18.3,31.5,31.7,1491,436,112,23,1493,1016,1934,1205,1390,92,Moderate,0
2025-10-28T08:00,18.2,31.4,31.5,1507,451,108,23,1487,1014,1946,1193,1382,92,Moderate,0
2025-10-28T09:00,18.6,32.0,32.1,1517,450,112,24,1503,1016,1951,1213,1380,93,Moderate,0
2025-10-28T10:00,19.3,33.2,33.3,1605,470,115,24,1502,1030,1975,1294,1390,95,Moderate,0
2025-10-28T11:00,24.8,42.7,42.7,2045,598,150,31,1586,1072,2082,1400,1480,119,Unhealthy for Sensitive Groups,1
2025-10-28T12:00,41.2,71.0,71.2,3419,994,248,53,1822,1165,2351,1656,1662,159,Unhealthy,1
2025-10-28T13:00,49.0,84.5,84.8,4071,1181,295,63,1948,1228,2501,1737,1780,166,Unhealthy,1
2025-10-28T14:00,46.5,80.1,80.1,3832,1117,282,59,1919,1210,2505,1689,1758,164,Unhealthy,1
2025-10-28T15:00,40.7,70.1,70.1,3354,985,246,52,1858,1172,2412,1616,1694,159,Unhealthy,1
2025-10-28T16:00,36.1,62.2,62.2,3006,866,217,46,1785,1120,2334,1575,1632,154,Unhealthy,1
2025-10-28T17:00,33.6,58.0,58.1,2774,805,203,43,1741,1103,2255,1496,1598,152,Unhealthy,1
2025-10-28T18:00,32.0,55.2,55.3,2658,766,194,41,1717,1079,2204,1463,1569,150,Unhealthy for Sensitive Groups,1
2025-10-28T19:00,29.6,51.1,51.2,2470,718,178,38,1680,1060,2190,1417,1548,139,Unhealthy for Sensitive Groups,1
2025-10-28T20:00,27.2,46.9,47.0,2257,656,163,35,1642,1045,2128,1376,1507,129,Unhealthy for Sensitive Groups,1
2025-10-28T21:00,27.3,47.0,47.3,2234,659,163,34,1634,1034,2133,1367,1529,129,Unhealthy for Sensitive Groups,1
2025-10-28T22:00,28.9,49.8,49.9,2385,697,174,37,1688,1056,2218,1421,1533,136,Unhealthy for Sensitive Groups,1
2025-10-28T23:00,31.7,54.6,54.7,2610,763,190,41,1747,1107,2300,1464,1606,148,Unhealthy for Sensitive Groups,1
2025-10-29T00:00,44.0,75.9,76.1,3654,1060,264,56,1946,1175,2509,1603,1757,162,Unhealthy,1
2025-10-29T01:00,42.0,72.4,72.4,3474,1021,252,54,1923,1195,2485,1572,1738,160,Unhealthy,1
2025-10-29T02:00,27.7,47.8,48.1,2296,668,167,35,1710,1111,2227,1407,1549,131,Unhealthy for Sensitive Groups,1
2025-10-29T03:00,17.1,29.5,29.7,1411,420,102,21,1542,1055,2027,1244,1412,88,Moderate,0
2025-10-29T04:00,14.3,24.7,24.8,1179,345,86,18,1469,1020,1947,1214,1370,77,Moderate,0
2025-10-29T05:00,13.7,23.6,23.7,1143,332,83,17,1447,990,1904,1181,1330,75,Moderate,0
2025-10-29T06:00,13.0,22.5,22.5,1067,316,78,16,1420,957,1862,1147,1318,73,Moderate,0
2025-10-29T07:00,13.0,22.4,22.4,1067,312,77,16,1400,939,1836,1125,1329,73,Moderate,0
2025-10-29T08:00,12.4,21.4,21.4,1038,298,74,15,1414,948,1832,1150,1306,71,Moderate,0
2025-10-29T09:00,11.9,20.5,20.5,970,285,71,15,1397,936,1828,1147,1294,69,Moderate,0
2025-10-29T10:00,12.4,21.4,21.5,1020,294,75,15,1431,954,1858,1160,1317,71,Moderate,0
2025-10-29T11:00,13.9,23.9,23.9,1146,330,83,18,1469,958,1902,1233,1351,76,Moderate,0
2025-10-29T12:00,25.8,44.5,44.7,2140,620,156,33,1649,1059,2142,1439,1515,123,Unhealthy for Sensitive Groups,1
2025-10-29T13:00,24.0,41.4,41.6,1980,579,144,30,1602,1049,2106,1414,1477,116,Unhealthy for Sensitive Groups,1
2025-10-29T14:00,22.3,38.4,38.6,1855,534,136,28,1579,1038,2049,1378,1461,108,Unhealthy for Sensitive Groups,1
2025-10-29T15:00,22.1,38.1,38.4,1806,535,130,28,1579,1032,2031,1361,1460,107,Unhealthy for Sensitive Groups,1
2025-10-29T16:00,23.0,39.6,39.9,1882,550,140,30,1583,1038,2088,1391,1464,111,Unhealthy for Sensitive Groups,1
2025-10-29T17:00,24.5,42.3,42.7,2022,592,147,31,1629,1067,2100,1419,1488,118,Unhealthy for Sensitive Groups,1
2025-10-29T18:00,27.0,46.6,47.0,2243,658,161,34,1656,1073,2170,1464,1506,128,Unhealthy for Sensitive Groups,1
2025-10-29T19:00,28.9,49.9,50.5,2394,701,174,37,1674,1100,2189,1446,1553,136,Unhealthy for Sensitive Groups,1
2025-10-29T20:00,29.9,51.5,51.9,2481,721,180,38,1693,1112,2201,1479,1553,140,Unhealthy for Sensitive Groups,1
2025-10-29T21:00,30.9,53.2,53.7,2555,739,186,39,1699,1109,2209,1487,1572,145,Unhealthy for Sensitive Groups,1
2025-10-29T22:00,27.7,47.7,48.2,2308,662,167,35,1666,1084,2194,1420,1540,131,Unhealthy for Sensitive Groups,1
2025-10-29T23:00,23.0,39.6,40.0,1906,563,137,30,1633,1049,2136,1359,1484,111,Unhealthy for Sensitive Groups,1
2025-10-30T00:00,30.8,53.1,53.4,2540,740,187,39,1749,1121,2268,1455,1577,144,Unhealthy for Sensitive Groups,1
2025-10-30T01:00,32.7,56.3,56.6,2698,788,197,42,1772,1157,2317,1447,1609,151,Unhealthy,1
2025-10-30T02:00,30.9,53.2,53.6,2565,748,184,40,1723,1159,2290,1412,1579,145,Unhealthy for Sensitive Groups,1
2025-10-30T03:00,23.3,40.2,41.0,1937,556,140,30,1619,1109,2133,1327,1490,113,Unhealthy for Sensitive Groups,1
2025-10-30T04:00,17.9,30.9,32.0,1479,434,108,23,1526,1046,1994,1248,1402,91,Moderate,0
2025-10-30T05:00,13.7,23.6,24.7,1121,331,82,17,1443,980,1899,1187,1333,75,Moderate,0
2025-10-30T06:00,12.1,20.8,21.8,999,292,72,14,1406,949,1834,1147,1310,69,Moderate,0
2025-10-30T07:00,11.8,20.3,21.3,977,288,69,15,1397,921,1822,1151,1304,68,Moderate,0
2025-10-30T08:00,11.9,20.5,21.5,972,290,71,15,1390,919,1827,1142,1287,69,Moderate,0
2025-10-30T09:00,11.4,19.7,20.7,941,276,70,14,1378,933,1812,1160,1290,67,Moderate,0
2025-10-30T10:00,11.4,19.6,20.5,946,277,69,15,1398,921,1813,1184,1303,67,Moderate,0
2025-10-30T11:00,11.7,20.1,20.9,962,285,71,14,1400,933,1845,1224,1318,68,Moderate,0
2025-10-30T12:00,13.4,23.1,23.7,1113,323,79,16,1445,933,1899,1252,1362,74,Moderate,0
2025-10-30T13:00,12.6,21.8,22.9,1069,304,76,16,1455,944,1871,1247,1338,71,Moderate,0
2025-10-30T14:00,15.1,26.0,27.6,1252,368,89,18,1490,984,1922,1286,1375,80,Moderate,0
2025-10-30T15:00,18.0,31.1,32.9,1491,433,108,23,1523,1020,2013,1326,1413,91,Moderate,0
2025-10-30T16:00,21.9,37.8,39.5,1804,528,130,28,1613,1052,2089,1376,1478,107,Unhealthy for Sensitive Groups,1
2025-10-30T17:00,23.8,41.1,42.7,1968,572,141,30,1659,1081,2150,1405,1501,115,Unhealthy for Sensitive Groups,1
2025-10-30T18:00,24.6,42.5,44.2,2031,598,148,31,1660,1096,2191,1412,1529,118,Unhealthy for Sensitive Groups,1
2025-10-30T19:00,26.3,45.4,47.0,2174,632,158,33,1706,1087,2218,1415,1548,125,Unhealthy for Sensitive Groups,1
2025-10-30T20:00,26.3,45.4,47.0,2177,634,157,33,1716,1091,2248,1417,1557,125,Unhealthy for Sensitive Groups,1
2025-10-30T21:00,27.8,48.0,49.1,2317,674,167,36,1737,1100,2276,1430,1580,132,Unhealthy for Sensitive Groups,1
2025-10-30T22:00,26.3,45.3,46.2,2164,630,157,33,1713,1086,2251,1414,1563,125,Unhealthy for Sensitive Groups,1
2025-10-30T23:00,27.1,46.8,47.1,2226,657,164,34,1739,1081,2277,1403,1560,129,Unhealthy for Sensitive Groups,1
2025-10-31T00:00,23.1,39.8,40.3,1906,556,138,29,1665,1038,2189,1347,1512,112,Unhealthy for Sensitive Groups,1
2025-10-31T01:00,19.9,34.3,35.3,1658,475,120,26,1591,1020,2076,1307,1442,98,Moderate,0
2025-10-31T02:00,21.3,36.7,37.5,1751,512,129,27,1549,1038,2027,1288,1443,104,Unhealthy for Sensitive Groups,1
2025-10-31T03:00,14.8,25.6,26.8,1215,364,90,19,1426,997,1851,1206,1335,79,Moderate,0
2025-10-31T04:00,11.8,20.3,21.8,987,279,70,15,1359,971,1781,1164,1279,68,Moderate,0
2025-10-31T05:00,10.5,18.1,19.6,860,253,63,13,1341,946,1774,1144,1271,64,Moderate,0
2025-10-31T06:00,9.9,17.0,18.5,802,238,58,12,1329,934,1751,1132,1241,61,Moderate,0
2025-10-31T07:00,9.5,16.4,17.8,785,230,57,11,1321,917,1738,1101,1246,60,Moderate,0
2025-10-31T08:00,9.3,16.0,17.3,769,227,56,12,1319,900,1726,1118,1256,59,Moderate,0
2025-10-31T09:00,8.9,15.3,16.5,741,215,53,11,1321,917,1717,1129,1239,58,Moderate,0
2025-10-31T10:00,8.7,15.0,16.2,733,204,53,11,1314,909,1740,1147,1231,57,Moderate,0
2025-10-31T11:00,9.9,17.1,18.2,819,239,60,13,1348,931,1763,1219,1249,62,Moderate,0
2025-10-31T12:00,21.1,36.3,37.7,1739,506,128,27,1500,996,1970,1400,1409,103,Unhealthy for Sensitive Groups,1
2025-10-31T13:00,25.1,43.2,44.2,2081,605,151,32,1561,1024,2036,1423,1465,120,Unhealthy for Sensitive Groups,1
2025-10-31T14:00,22.3,38.5,39.5,1842,529,134,29,1546,1014,2005,1368,1432,108,Unhealthy for Sensitive Groups,1
2025-10-31T15:00,21.2,36.6,37.4,1748,521,128,27,1527,1005,1993,1361,1419,104,Unhealthy for Sensitive Groups,1
2025-10-31T16:00,20.1,34.7,35.5,1658,493,121,26,1512,997,1980,1308,1421,99,Moderate,0
2025-10-31T17:00,18.6,32.0,32.8,1548,446,110,24,1493,981,1947,1291,1395,93,Moderate,0
2025-10-31T18:00,17.2,29.7,30.5,1431,411,105,22,1494,959,1918,1240,1369,88,Moderate,0
2025-10-31T19:00,16.4,28.2,29.2,1348,402,97,20,1445,946,1896,1220,1348,85,Moderate,0
2025-10-31T20:00,15.9,27.5,28.6,1299,383,97,20,1427,954,1868,1227,1326,83,Moderate,0
2025-10-31T21:00,15.8,27.2,28.5,1311,369,94,20,1432,954,1844,1209,1333,83,Moderate,0
2025-10-31T22:00,15.4,26.5,27.8,1271,368,92,20,1423,951,1882,1201,1316,81,Moderate,0
2025-10-31T23:00,14.9,25.7,27.3,1241,357,89,19,1430,959,1876,1217,1321,80,Moderate,0
2025-11-01T00:00,16.9,29.2,31.3,1390,397,101,22,1471,966,1913,1239,1364,87,Moderate,0
2025-11-01T01:00,19.8,34.1,36.3,1644,470,119,25,1501,998,1989,1268,1399,97,Moderate,0
2025-11-01T02:00,16.9,29.2,32.2,1394,409,102,21,1452,985,1918,1234,1365,87,Moderate,0
2025-11-01T03:00,13.9,23.9,28.0,1144,337,83,17,1414,961,1835,1192,1318,76,Moderate,0
2025-11-01T04:00,11.7,20.1,24.9,952,285,70,14,1360,946,1787,1159,1280,68,Moderate,0
2025-11-01T05:00,10.6,18.3,22.6,858,254,63,13,1343,940,1740,1149,1262,64,Moderate,0
2025-11-01T06:00,9.9,17.1,20.4,829,239,60,12,1324,926,1737,1126,1261,62,Moderate,0
2025-11-01T07:00,9.9,17.1,20.0,810,241,59,12,1331,903,1727,1130,1257,62,Moderate,0
2025-11-01T08:00,9.7,16.8,19.3,805,236,58,13,1327,908,1744,1109,1260,61,Moderate,0
2025-11-01T09:00,10.0,17.2,19.4,810,247,59,12,1321,904,1733,1121,1253,62,Moderate,0
2025-11-01T10:00,10.8,18.6,20.6,902,261,65,13,1352,925,1767,1174,1270,65,Moderate,0
2025-11-01T11:00,12.7,21.9,23.5,1051,310,77,16,1398,931,1834,1224,1306,72,Moderate,0
2025-11-01T12:00,16.9,29.2,29.8,1407,415,102,21,1463,951,1929,1247,1363,87,Moderate,0
2025-11-01T13:00,18.0,31.0,31.4,1490,433,109,23,1497,985,1961,1263,1386,91,Moderate,0
2025-11-01T14:00,19.3,33.2,33.5,1587,465,116,25,1530,984,1998,1278,1411,95,Moderate,0
2025-11-01T15:00,21.5,37.1,37.5,1778,523,129,27,1570,1016,2043,1297,1450,105,Unhealthy for Sensitive Groups,1
2025-11-01T16:00,24.8,42.8,43.1,2054,600,151,31,1621,1048,2103,1339,1483,119,Unhealthy for Sensitive Groups,1
2025-11-01T17:00,26.3,45.3,45.5,2177,643,157,33,1635,1075,2135,1384,1483,125,Unhealthy for Sensitive Groups,1
2025-11-01T18:00,28.3,48.8,49.0,2318,681,171,36,1631,1097,2158,1394,1513,134,Unhealthy for Sensitive Groups,1
2025-11-01T19:00,28.7,49.5,49.7,2366,693,172,37,1621,1090,2126,1401,1510,135,Unhealthy for Sensitive Groups,1
2025-11-01T20:00,28.8,49.7,49.8,2393,688,173,37,1638,1088,2111,1380,1481,136,Unhealthy for Sensitive Groups,1
2025-11-01T21:00,29.6,51.1,51.2,2461,715,180,37,1626,1103,2107,1398,1501,139,Unhealthy for Sensitive Groups,1
2025-11-01T22:00,29.9,51.5,51.6,2456,726,179,38,1617,1083,2128,1395,1519,140,Unhealthy for Sensitive Groups,1
2025-11-01T23:00,32.2,55.5,55.8,2663,769,195,41,1680,1102,2158,1426,1562,151,Unhealthy,1
2025-11-02T00:00,34.7,59.8,59.8,2875,836,210,44,1723,1122,2236,1464,1576,153,Unhealthy,1
2025-11-02T01:00,34.1,58.8,58.9,2836,822,204,44,1719,1131,2232,1437,1585,153,Unhealthy,1
2025-11-02T02:00,27.7,47.7,47.8,2292,659,165,36,1638,1082,2120,1344,1492,131,Unhealthy for Sensitive Groups,1
2025-11-02T03:00,21.3,36.8,36.8,1765,512,127,27,1557,1052,2014,1282,1442,104,Unhealthy for Sensitive Groups,1
2025-11-02T04:00,19.4,33.4,33.4,1595,468,116,25,1537,1021,1997,1239,1397,96,Moderate,0
2025-11-02T05:00,18.3,31.5,31.5,1509,445,108,23,1506,991,1958,1221,1381,92,Moderate,0
2025-11-02T06:00,16.9,29.2,29.3,1391,411,100,21,1477,982,1934,1202,1373,87,Moderate,0
2025-11-02T07:00,16.4,28.3,28.3,1340,398,99,21,1478,963,1931,1198,1360,85,Moderate,0
2025-11-02T08:00,15.9,27.5,27.6,1319,384,97,20,1454,971,1900,1199,1368,83,Moderate,0
2025-11-02T09:00,15.7,27.1,27.1,1296,382,93,20,1458,964,1896,1180,1356,83,Moderate,0
2025-11-02T10:00,15.0,25.9,26.0,1222,361,91,19,1469,960,1894,1202,1348,80,Moderate,0
2025-11-02T11:00,15.2,26.2,26.3,1241,363,91,19,1468,952,1903,1227,1364,81,Moderate,0
2025-11-02T12:00,18.8,32.4,32.5,1557,452,113,24,1531,967,2002,1276,1405,94,Moderate,0
2025-11-02T13:00,19.9,34.3,34.3,1667,478,120,25,1560,970,2032,1265,1434,98,Moderate,0
2025-11-02T14:00,19.9,34.3,34.5,1656,482,117,26,1575,976,2061,1269,1437,98,Moderate,0
2025-11-02T15:00,20.0,34.5,34.6,1657,480,120,25,1571,983,2080,1269,1457,98,Moderate,0
2025-11-02T16:00,19.9,34.3,34.3,1649,478,120,25,1573,976,2081,1270,1452,98,Moderate,0
2025-11-02T17:00,19.8,34.2,34.3,1652,475,120,25,1579,982,2056,1266,1450,97,Moderate,0
2025-11-02T18:00,19.7,34.0,34.1,1625,475,117,24,1564,987,2048,1244,1433,97,Moderate,0
2025-11-02T19:00,19.7,34.0,34.1,1609,481,117,25,1558,978,2017,1261,1421,97,Moderate,0
2025-11-02T20:00,20.4,35.2,35.2,1690,490,121,25,1549,985,2015,1268,1436,100,Moderate,0
2025-11-02T21:00,20.7,35.7,35.9,1710,498,125,26,1547,994,2023,1250,1419,101,Unhealthy for Sensitive Groups,1
2025-11-02T22:00,20.9,36.1,36.2,1724,505,126,27,1553,991,2045,1275,1445,102,Unhealthy for Sensitive Groups,1
2025-11-02T23:00,21.5,37.0,37.0,1778,513,128,27,1586,1006,2085,1293,1462,105,Unhealthy for Sensitive Groups,1
2025-11-03T00:00,21.9,37.8,38.1,1808,524,133,28,1597,1003,2091,1298,1475,107,Unhealthy for Sensitive Groups,1
2025-11-03T01:00,22.8,39.3,39.5,1891,553,138,29,1607,1003,2104,1285,1472,110,Unhealthy for Sensitive Groups,1
2025-11-03T02:00,20.8,35.9,36.0,1714,504,125,26,1563,1001,2047,1270,1439,102,Unhealthy for Sensitive Groups,1
2025-11-03T03:00,18.6,32.0,32.1,1526,445,111,24,1529,987,1991,1223,1390,93,Moderate,0
2025-11-03T04:00,16.9,29.2,29.6,1392,403,100,22,1481,979,1944,1218,1378,87,Moderate,0
2025-11-03T05:00,15.4,26.5,27.5,1271,366,93,19,1445,957,1888,1187,1351,81,Moderate,0
2025-11-03T06:00,15.8,27.2,28.5,1309,377,94,20,1456,967,1907,1196,1338,83,Moderate,0
2025-11-03T07:00,15.5,26.7,28.2,1289,373,92,20,1452,953,1876,1184,1338,82,Moderate,0
2025-11-03T08:00,16.5,28.5,30.5,1370,397,99,21,1450,967,1885,1181,1358,85,Moderate,0
2025-11-03T09:00,18.0,31.0,33.9,1493,433,108,23,1482,974,1943,1213,1368,91,Moderate,0
2025-11-03T10:00,20.1,34.6,38.5,1660,483,120,26,1522,989,1980,1263,1404,98,Moderate,0
2025-11-03T11:00,24.0,41.4,46.0,1989,582,144,31,1590,1027,2088,1315,1470,116,Unhealthy for Sensitive Groups,1
2025-11-03T12:00,20.5,35.4,35.4,1707,493,123,26,1558,1006,2045,1326,1443,100,Moderate,0
2025-11-03T13:00,24.2,41.8,43.2,1996,585,147,31,1637,1030,2136,1354,1483,117,Unhealthy for Sensitive Groups,1
2025-11-03T14:00,27.7,47.8,50.8,2288,669,167,35,1681,1053,2192,1404,1541,131,Unhealthy for Sensitive Groups,1
2025-11-03T15:00,30.9,53.2,57.4,2566,743,187,40,1736,1070,2249,1421,1580,145,Unhealthy for Sensitive Groups,1
2025-11-03T16:00,32.9,56.8,62.2,2733,791,198,41,1764,1089,2284,1436,1609,152,Unhealthy,1
2025-11-03T17:00,34.0,58.6,64.5,2784,820,204,43,1775,1094,2301,1443,1619,153,Unhealthy,1
2025-11-03T18:00,34.2,58.9,65.4,2820,821,207,44,1744,1097,2291,1439,1601,153,Unhealthy,1
2025-11-03T19:00,34.5,59.4,66.1,2822,833,206,43,1729,1106,2280,1424,1614,153,Unhealthy,1
2025-11-03T20:00,35.3,60.8,67.8,2924,857,211,45,1739,1103,2275,1431,1606,154,Unhealthy,1
2025-11-03T21:00,35.8,61.7,68.2,2967,866,218,46,1749,1108,2274,1439,1608,154,Unhealthy,1
2025-11-03T22:00,35.8,61.7,67.5,2955,861,216,46,1762,1117,2288,1430,1622,154,Unhealthy,1
2025-11-03T23:00,35.7,61.5,66.6,2935,862,214,46,1775,1110,2331,1443,1630,154,Unhealthy,1
2025-11-04T00:00,39.1,67.5,73.6,3237,942,237,50,1836,1139,2393,1466,1668,157,Unhealthy,1
2025-11-04T01:00,39.7,68.5,73.1,3283,958,239,51,1867,1140,2423,1480,1704,158,Unhealthy,1
2025-11-04T02:00,35.1,60.5,64.7,2905,845,210,44,1811,1115,2361,1423,1654,154,Unhealthy,1
2025-11-04T03:00,26.2,45.2,47.5,2164,636,158,33,1685,1053,2202,1326,1533,125,Unhealthy for Sensitive Groups,1
2025-11-04T04:00,17.9,30.9,31.8,1507,437,108,23,1554,994,2026,1228,1418,91,Moderate,0
2025-11-04T05:00,14.7,25.3,25.7,1182,355,88,19,1471,957,1925,1176,1363,79,Moderate,0
2025-11-04T06:00,14.5,25.0,25.2,1202,353,86,18,1435,963,1895,1178,1342,78,Moderate,0
2025-11-04T07:00,14.7,25.4,25.6,1223,362,88,19,1432,954,1883,1181,1336,79,Moderate,0
2025-11-04T08:00,14.6,25.2,25.3,1207,351,87,18,1426,965,1872,1176,1326,79,Moderate,0
2025-11-04T09:00,14.2,24.4,24.5,1177,344,85,18,1439,946,1875,1180,1341,77,Moderate,0
2025-11-04T10:00,13.7,23.6,23.6,1132,326,83,17,1424,954,1888,1197,1328,75,Moderate,0
2025-11-04T11:00,13.9,24.0,24.1,1120,337,84,17,1456,967,1914,1224,1347,76,Moderate,0
2025-11-04T12:00,15.1,26.1,26.1,1231,364,91,19,1495,965,1960,1264,1382,80,Moderate,0
2025-11-04T13:00,17.7,30.5,30.5,1444,418,107,23,1544,974,2017,1299,1405,90,Moderate,0
2025-11-04T14:00,18.8,32.5,32.5,1552,457,115,24,1577,982,2066,1309,1441,94,Moderate,0
2025-11-04T15:00,18.6,32.1,32.1,1538,454,111,24,1570,992,2060,1302,1439,93,Moderate,0
2025-11-04T16:00,18.2,31.4,31.8,1506,440,109,23,1568,980,2055,1282,1435,92,Moderate,0
2025-11-04T17:00,17.3,29.8,30.4,1436,409,104,22,1529,981,2006,1258,1411,88,Moderate,0
2025-11-04T18:00,16.3,28.1,28.6,1355,392,99,21,1493,958,1974,1243,1370,85,Moderate,0
2025-11-04T19:00,15.8,27.2,27.7,1331,382,95,20,1514,959,1968,1224,1378,83,Moderate,0
2025-11-04T20:00,15.7,27.1,27.4,1296,376,94,19,1487,941,1949,1215,1375,83,Moderate,0
2025-11-04T21:00,15.9,27.5,27.6,1314,397,97,20,1492,948,1940,1203,1379,83,Moderate,0
2025-11-04T22:00,16.2,27.9,28.0,1332,394,98,21,1496,958,1975,1216,1379,84,Moderate,0
2025-11-04T23:00,16.6,28.6,28.6,1388,401,100,21,1515,957,1998,1223,1401,86,Moderate,0
2025-11-05T00:00,18.4,31.8,32.5,1509,440,111,24,1561,969,2041,1255,1438,92,Moderate,0
2025-11-05T01:00,20.5,35.4,36.3,1708,493,122,26,1597,997,2115,1286,1467,100,Moderate,0
2025-11-05T02:00,20.7,35.7,37.0,1700,500,126,26,1624,1024,2133,1283,1478,101,Unhealthy for Sensitive Groups,1
2025-11-05T03:00,20.1,34.7,36.0,1679,487,120,25,1606,1013,2104,1280,1448,99,Moderate,0
2025-11-05T04:00,18.1,31.2,31.7,1512,441,108,23,1560,1013,2057,1230,1435,91,Moderate,0
2025-11-05T05:00,17.7,30.6,30.6,1466,428,106,23,1539,991,1991,1223,1412,90,Moderate,0
2025-11-05T06:00,18.4,31.7,31.9,1524,448,111,24,1524,984,1987,1234,1403,92,Moderate,0
2025-11-05T07:00,16.8,28.9,29.0,1392,403,100,21,1495,971,1949,1197,1388,86,Moderate,0
2025-11-05T08:00,16.2,27.9,28.0,1336,396,99,20,1475,951,1925,1187,1383,84,Moderate,0
2025-11-05T09:00,16.5,28.4,28.5,1364,399,97,20,1501,964,1952,1213,1393,85,Moderate,0
2025-11-05T10:00,17.2,29.7,29.9,1423,416,104,22,1504,970,1991,1241,1395,88,Moderate,0
2025-11-05T11:00,17.1,29.5,29.7,1415,415,106,22,1537,965,2021,1248,1413,88,Moderate,0
2025-11-05T12:00,27.2,46.9,47.0,2258,651,165,35,1697,1070,2245,1422,1552,129,Unhealthy for Sensitive Groups,1
2025-11-05T13:00,27.9,48.1,48.2,2306,673,167,35,1740,1085,2260,1424,1562,132,Unhealthy for Sensitive Groups,1
2025-11-05T14:00,29.8,51.3,51.3,2460,711,181,38,1747,1107,2311,1445,1585,140,Unhealthy for Sensitive Groups,1
2025-11-05T15:00,32.9,56.8,56.8,2738,798,199,42,1825,1153,2356,1492,1641,152,Unhealthy,1
2025-11-05T16:00,38.6,66.6,66.6,3201,925,232,49,1901,1185,2455,1541,1722,157,Unhealthy,1
2025-11-05T17:00,37.4,64.5,64.7,3094,905,226,48,1886,1157,2458,1538,1706,156,Unhealthy,1
2025-11-05T18:00,37.3,64.3,64.3,3085,898,224,48,1888,1153,2480,1529,1707,156,Unhealthy,1
2025-11-05T19:00,35.1,60.5,60.8,2920,846,212,45,1849,1154,2406,1498,1675,154,Unhealthy,1
2025-11-05T20:00,31.3,53.9,54.0,2587,758,188,40,1775,1132,2334,1432,1625,146,Unhealthy for Sensitive Groups,1
2025-11-05T21:00,30.4,52.4,52.5,2538,733,183,39,1756,1123,2298,1413,1614,143,Unhealthy for Sensitive Groups,1
2025-11-05T22:00,31.3,53.9,54.0,2586,753,189,40,1773,1148,2338,1450,1616,146,Unhealthy for Sensitive Groups,1
2025-11-05T23:00,33.2,57.3,57.5,2751,803,200,42,1818,1163,2379,1484,1666,152,Unhealthy,1
2025-11-06T00:00,28.4,49.0,49.1,2351,680,171,36,1770,1086,2287,1414,1581,134,Unhealthy for Sensitive Groups,1
2025-11-06T01:00,28.7,49.4,49.8,2366,690,172,37,1750,1106,2301,1404,1593,135,Unhealthy for Sensitive Groups,1
2025-11-06T02:00,25.9,44.7,45.6,2149,629,156,33,1696,1112,2245,1370,1547,124,Unhealthy for Sensitive Groups,1
2025-11-06T03:00,22.4,38.6,39.7,1846,538,135,29,1641,1103,2158,1315,1497,109,Unhealthy for Sensitive Groups,1
2025-11-06T04:00,22.2,38.3,39.1,1845,537,136,28,1622,1083,2110,1301,1481,108,Unhealthy for Sensitive Groups,1
2025-11-06T05:00,20.2,34.9,35.5,1704,487,121,26,1544,1049,2041,1274,1443,99,Moderate,0
2025-11-06T06:00,18.9,32.6,32.9,1559,455,113,24,1524,1014,1983,1234,1409,94,Moderate,0
2025-11-06T07:00,17.2,29.7,29.9,1443,410,102,22,1485,1003,1934,1210,1378,88,Moderate,0
2025-11-06T08:00,15.9,27.5,27.8,1330,377,95,20,1455,999,1903,1187,1361,83,Moderate,0
2025-11-06T09:00,15.5,26.8,27.0,1280,367,93,20,1474,978,1941,1193,1361,82,Moderate,0
2025-11-06T10:00,15.7,27.0,27.2,1297,381,96,20,1554,982,2021,1251,1414,82,Moderate,0
2025-11-06T11:00,18.2,31.4,31.7,1496,438,110,23,1676,1007,2204,1349,1498,92,Moderate,0
2025-11-06T12:00,40.4,69.6,69.8,3358,974,243,51,2065,1168,2681,1625,1825,158,Unhealthy,1
2025-11-06T13:00,42.4,73.1,73.6,3518,1030,256,54,2081,1192,2759,1615,1863,160,Unhealthy,1
2025-11-06T14:00,43.5,75.0,75.7,3601,1053,262,55,2090,1205,2747,1616,1852,161,Unhealthy,1
2025-11-06T15:00,45.5,78.5,78.9,3752,1102,275,58,2090,1213,2732,1612,1860,163,Unhealthy,1
2025-11-06T16:00,47.4,81.7,82.2,3917,1140,284,61,2116,1221,2760,1631,1891,165,Unhealthy,1
2025-11-06T17:00,48.1,82.9,83.1,3971,1164,289,61,2103,1233,2769,1620,1883,165,Unhealthy,1
2025-11-06T18:00,47.6,82.0,82.4,3931,1151,285,61,2065,1218,2701,1625,1866,165,Unhealthy,1
2025-11-06T19:00,47.8,82.4,82.7,3961,1160,288,61,2067,1213,2693,1631,1852,165,Unhealthy,1
2025-11-06T20:00,48.1,82.9,83.4,3964,1156,291,62,2042,1221,2669,1621,1837,165,Unhealthy,1
2025-11-06T21:00,47.8,82.4,82.7,3952,1157,288,61,2032,1213,2628,1609,1817,165,Unhealthy,1
2025-11-06T22:00,45.9,79.2,79.4,3798,1113,276,59,1987,1200,2581,1599,1797,163,Unhealthy,1
2025-11-06T23:00,43.7,75.4,75.7,3624,1056,262,56,1962,1189,2557,1581,1773,161,Unhealthy,1
2025-11-07T00:00,49.4,85.2,85.7,4094,1185,297,63,2040,1254,2645,1654,1835,166,Unhealthy,1
2025-11-07T01:00,51.6,88.9,89.2,4259,1243,311,66,2070,1263,2684,1663,1878,168,Unhealthy,1
2025-11-07T02:00,42.7,73.6,73.6,3530,1021,255,55,1949,1230,2537,1563,1753,160,Unhealthy,1
2025-11-07T03:00,31.0,53.4,53.6,2572,741,185,39,1771,1150,2321,1411,1602,145,Unhealthy for Sensitive Groups,1
2025-11-07T04:00,20.2,34.9,35.4,1673,482,123,26,1595,1067,2084,1268,1453,99,Moderate,0
2025-11-07T05:00,17.1,29.5,29.9,1415,414,103,22,1502,1009,1986,1216,1395,88,Moderate,0
2025-11-07T06:00,16.1,27.7,28.2,1320,394,97,20,1490,965,1921,1175,1363,84,Moderate,0
2025-11-07T07:00,15.5,26.8,27.4,1288,375,93,19,1465,963,1913,1164,1355,82,Moderate,0
2025-11-07T08:00,15.5,26.7,27.4,1269,372,93,20,1446,959,1882,1186,1347,82,Moderate,0
2025-11-07T09:00,15.5,26.8,27.5,1297,373,93,19,1467,954,1914,1183,1338,82,Moderate,0
2025-11-07T10:00,16.0,27.6,28.4,1319,381,96,20,1500,961,1952,1223,1385,84,Moderate,0
2025-11-07T11:00,18.8,32.5,33.1,1559,451,111,24,1564,984,2054,1289,1433,94,Moderate,0
2025-11-07T12:00,21.4,36.9,37.3,1770,521,129,27,1626,996,2132,1340,1493,104,Unhealthy for Sensitive Groups,1
2025-11-07T13:00,22.3,38.5,38.9,1845,533,136,28,1639,1005,2166,1361,1494,108,Unhealthy for Sensitive Groups,1
2025-11-07T14:00,22.9,39.5,39.8,1905,558,137,29,1645,1011,2168,1348,1515,111,Unhealthy for Sensitive Groups,1
2025-11-07T15:00,23.8,41.0,41.3,1960,566,143,30,1661,1016,2175,1355,1515,115,Unhealthy for Sensitive Groups,1
2025-11-07T16:00,25.0,43.1,43.5,2065,601,150,32,1669,1026,2182,1357,1539,120,Unhealthy for Sensitive Groups,1
2025-11-07T17:00,25.9,44.6,45.1,2145,624,156,32,1681,1031,2196,1346,1526,123,Unhealthy for Sensitive Groups,1
2025-11-07T18:00,26.4,45.6,46.3,2184,642,159,34,1678,1025,2188,1346,1512,126,Unhealthy for Sensitive Groups,1
2025-11-07T19:00,27.3,47.1,47.8,2276,662,165,35,1663,1036,2195,1344,1512,130,Unhealthy for Sensitive Groups,1
2025-11-07T20:00,28.5,49.2,50.1,2359,688,172,37,1682,1048,2199,1344,1541,135,Unhealthy for Sensitive Groups,1
2025-11-07T21:00,29.5,50.9,51.8,2449,707,176,37,1679,1059,2189,1353,1540,139,Unhealthy for Sensitive Groups,1
2025-11-07T22:00,30.5,52.6,53.6,2535,736,183,39,1717,1059,2237,1371,1561,143,Unhealthy for Sensitive Groups,1
2025-11-07T23:00,31.6,54.5,56.0,2641,758,190,40,1745,1084,2282,1393,1585,148,Unhealthy for Sensitive Groups,1
2025-11-08T00:00,29.8,51.3,53.3,2458,711,181,38,1720,1070,2242,1370,1571,140,Unhealthy for Sensitive Groups,1
2025-11-08T01:00,31.4,54.2,56.2,2607,758,188,40,1762,1079,2298,1375,1597,147,Unhealthy for Sensitive Groups,1
2025-11-08T02:00,31.6,54.5,56.6,2609,765,190,41,1768,1092,2301,1377,1602,148,Unhealthy for Sensitive Groups,1
2025-11-08T03:00,30.4,52.4,55.1,2509,732,183,39,1722,1080,2272,1358,1584,143,Unhealthy for Sensitive Groups,1
2025-11-08T04:00,29.1,50.2,52.6,2428,706,177,37,1709,1069,2211,1323,1563,137,Unhealthy for Sensitive Groups,1
2025-11-08T05:00,26.7,46.1,48.2,2228,643,161,34,1640,1058,2117,1311,1503,127,Unhealthy for Sensitive Groups,1
2025-11-08T06:00,23.6,40.7,42.5,1954,571,142,30,1571,1030,2052,1267,1442,114,Unhealthy for Sensitive Groups,1
2025-11-08T07:00,21.5,37.0,38.5,1772,521,129,27,1548,1011,1999,1234,1399,105,Unhealthy for Sensitive Groups,1
2025-11-08T08:00,20.1,34.6,36.1,1659,483,121,25,1510,980,1962,1226,1415,98,Moderate,0
2025-11-08T09:00,19.5,33.6,35.0,1611,471,118,24,1513,980,1978,1224,1401,96,Moderate,0
2025-11-08T10:00,19.8,34.2,35.7,1633,481,121,25,1530,988,2009,1245,1392,97,Moderate,0
2025-11-08T11:00,23.5,40.5,41.8,1957,570,140,30,1620,1022,2110,1316,1477,113,Unhealthy for Sensitive Groups,1
2025-11-08T12:00,23.8,41.1,41.6,1971,579,142,30,1637,1018,2144,1336,1492,115,Unhealthy for Sensitive Groups,1
2025-11-08T13:00,24.7,42.6,43.2,2035,596,147,31,1630,1027,2154,1328,1514,118,Unhealthy for Sensitive Groups,1
2025-11-08T14:00,25.1,43.3,44.1,2103,606,150,33,1630,1024,2145,1345,1506,120,Unhealthy for Sensitive Groups,1
2025-11-08T15:00,26.0,44.8,45.9,2145,623,156,33,1646,1025,2133,1344,1505,124,Unhealthy for Sensitive Groups,1
2025-11-08T16:00,27.0,46.6,47.8,2224,651,163,34,1660,1030,2180,1344,1516,128,Unhealthy for Sensitive Groups,1
2025-11-08T17:00,27.6,47.6,49.2,2277,665,167,35,1662,1040,2164,1340,1509,131,Unhealthy for Sensitive Groups,1
2025-11-08T18:00,27.9,48.1,50.2,2318,674,167,36,1666,1037,2180,1346,1530,132,Unhealthy for Sensitive Groups,1
2025-11-08T19:00,28.3,48.8,51.2,2338,685,170,36,1651,1044,2188,1337,1524,134,Unhealthy for Sensitive Groups,1
2025-11-08T20:00,28.8,49.6,52.5,2376,689,171,37,1668,1051,2170,1344,1539,136,Unhealthy for Sensitive Groups,1
2025-11-08T21:00,29.7,51.2,54.4,2455,714,178,38,1691,1055,2189,1354,1534,140,Unhealthy for Sensitive Groups,1
2025-11-08T22:00,31.4,54.2,57.7,2601,752,187,40,1710,1074,2231,1365,1569,147,Unhealthy for Sensitive Groups,1
2025-11-08T23:00,33.8,58.2,62.2,2781,820,202,43,1752,1095,2290,1398,1615,152,Unhealthy,1
2025-11-09T00:00,46.2,79.6,85.7,3821,1116,277,59,1945,1181,2532,1531,1768,163,Unhealthy,1
2025-11-09T01:00,49.7,85.7,92.2,4097,1207,299,64,1996,1217,2588,1573,1813,167,Unhealthy,1
2025-11-09T02:00,51.2,88.2,96.2,4233,1237,307,65,2035,1248,2637,1590,1838,168,Unhealthy,1
2025-11-09T03:00,50.6,87.3,97.1,4209,1215,305,64,2003,1239,2629,1575,1831,167,Unhealthy,1
2025-11-09T04:00,51.2,88.2,98.3,4264,1233,309,65,2017,1236,2609,1587,1837,168,Unhealthy,1
2025-11-09T05:00,49.0,84.5,93.8,4057,1173,295,64,1958,1222,2555,1539,1778,166,Unhealthy,1
2025-11-09T06:00,42.3,72.9,79.9,3474,1023,254,54,1838,1160,2397,1460,1681,160,Unhealthy,1
2025-11-09T07:00,37.5,64.7,70.5,3117,903,224,48,1773,1123,2314,1402,1625,156,Unhealthy,1
2025-11-09T08:00,36.5,62.9,68.5,3008,883,220,47,1738,1118,2263,1387,1613,155,Unhealthy,1
2025-11-09T09:00,36.2,62.4,67.8,2983,867,216,47,1749,1122,2266,1389,1604,155,Unhealthy,1
2025-11-09T10:00,36.5,62.9,67.8,3021,878,220,46,1764,1095,2284,1422,1622,155,Unhealthy,1
2025-11-09T11:00,39.0,67.3,71.2,3224,947,236,50,1821,1122,2381,1483,1667,157,Unhealthy,1
2025-11-09T12:00,37.7,65.0,68.7,3113,908,226,48,1840,1117,2406,1516,1658,156,Unhealthy,1
2025-11-09T13:00,38.6,66.6,69.6,3200,929,233,49,1870,1132,2408,1517,1702,157,Unhealthy,1
2025-11-09T14:00,39.7,68.5,71.5,3280,955,237,51,1876,1139,2434,1521,1708,158,Unhealthy,1
2025-11-09T15:00,41.2,71.0,74.3,3418,987,249,53,1908,1143,2450,1540,1731,159,Unhealthy,1
2025-11-09T16:00,42.9,74.0,77.5,3543,1034,258,54,1935,1148,2507,1553,1753,161,Unhealthy,1
2025-11-09T17:00,44.3,76.4,79.9,3671,1068,266,57,1921,1165,2509,1572,1758,162,Unhealthy,1
2025-11-09T18:00,45.1,77.8,81.5,3740,1089,270,58,1947,1166,2537,1566,1754,163,Unhealthy,1
2025-11-09T19:00,45.8,78.9,82.7,3779,1105,273,59,1944,1175,2506,1568,1781,163,Unhealthy,1
2025-11-09T20:00,46.7,80.6,84.1,3855,1131,282,59,1947,1179,2516,1565,1754,164,Unhealthy,1
2025-11-09T21:00,47.8,82.4,85.9,3940,1154,288,61,1960,1185,2543,1557,1782,165,Unhealthy,1
2025-11-09T22:00,49.2,84.8,88.2,4065,1195,295,64,1983,1185,2588,1576,1808,166,Unhealthy,1
2025-11-09T23:00,50.9,87.8,91.3,4226,1230,306,66,2025,1213,2609,1605,1829,168,Unhealthy,1
2025-11-10T00:00,53.8,92.7,95.5,4466,1300,324,69,2069,1242,2718,1644,1890,170,Unhealthy,1
2025-11-10T01:00,56.4,97.3,99.7,4664,1359,340,73,2116,1265,2755,1655,1918,173,Unhealthy,1
2025-11-10T02:00,55.0,94.8,97.3,4559,1327,332,70,2103,1259,2715,1636,1888,171,Unhealthy,1
2025-11-10T03:00,50.8,87.5,90.3,4194,1224,307,65,2021,1251,2635,1588,1843,168,Unhealthy,1
2025-11-10T04:00,43.7,75.4,78.5,3621,1059,264,56,1934,1188,2491,1508,1743,161,Unhealthy,1
2025-11-10T05:00,32.8,56.5,59.0,2715,800,197,42,1739,1102,2248,1354,1585,152,Unhealthy,1
2025-11-10T06:00,25.6,44.1,46.4,2100,615,154,32,1606,1033,2116,1270,1494,122,Unhealthy for Sensitive Groups,1
2025-11-10T07:00,23.9,41.2,43.5,1985,580,145,31,1579,1016,2057,1260,1472,115,Unhealthy for Sensitive Groups,1
2025-11-10T08:00,23.1,39.8,42.1,1896,553,140,30,1562,1012,2043,1264,1446,112,Unhealthy for Sensitive Groups,1
2025-11-10T09:00,22.5,38.8,41.1,1872,553,136,29,1567,1000,2059,1255,1439,109,Unhealthy for Sensitive Groups,1
2025-11-10T10:00,22.6,39.0,41.3,1863,550,137,29,1589,995,2071,1283,1472,110,Unhealthy for Sensitive Groups,1
2025-11-10T11:00,25.5,43.9,45.9,2099,609,152,32,1666,1035,2168,1352,1516,122,Unhealthy for Sensitive Groups,1
2025-11-10T12:00,30.4,52.5,54.2,2519,733,183,38,1748,1065,2290,1437,1588,143,Unhealthy for Sensitive Groups,1
2025-11-10T13:00,33.0,56.9,58.4,2722,796,199,42,1783,1085,2320,1458,1623,152,Unhealthy,1
2025-11-10T14:00,34.3,59.1,60.8,2825,828,205,44,1809,1088,2341,1470,1638,153,Unhealthy,1
2025-11-10T15:00,35.8,61.7,63.3,2948,865,215,46,1794,1109,2341,1492,1639,154,Unhealthy,1
2025-11-10T16:00,37.3,64.3,66.1,3085,900,224,48,1833,1110,2383,1507,1652,156,Unhealthy,1
2025-11-10T17:00,38.1,65.7,67.5,3139,921,229,49,1830,1114,2371,1500,1662,156,Unhealthy,1
2025-11-10T18:00,38.7,66.8,68.9,3206,939,233,50,1834,1126,2393,1485,1672,157,Unhealthy,1
2025-11-10T19:00,39.6,68.2,70.5,3269,948,238,51,1826,1123,2374,1489,1676,158,Unhealthy,1
2025-11-10T20:00,40.5,69.8,72.4,3348,973,244,51,1832,1140,2365,1468,1686,158,Unhealthy,1
2025-11-10T21:00,41.5,71.5,74.0,3425,1005,250,53,1842,1138,2387,1480,1671,159,Unhealthy,1
2025-11-10T22:00,42.4,73.1,75.9,3512,1022,255,54,1873,1157,2424,1489,1685,160,Unhealthy,1
2025-11-10T23:00,43.5,75.0,78.0,3619,1049,261,56,1902,1162,2472,1514,1716,161,Unhealthy,1
2025-11-11T00:00,61.4,105.9,110.6,5076,1486,367,79,2145,1288,2788,1706,1947,177,Unhealthy,1
2025-11-11T01:00,60.9,105.0,109.7,5029,1479,369,78,2176,1293,2805,1700,1950,177,Unhealthy,1
2025-11-11T02:00,58.8,101.3,106.2,4872,1418,354,75,2140,1281,2786,1665,1936,175,Unhealthy,1
2025-11-11T03:00,53.6,92.4,98.7,4448,1298,323,69,2092,1264,2695,1603,1880,170,Unhealthy,1
2025-11-11T04:00,48.5,83.6,90.6,4021,1167,292,62,1984,1209,2578,1557,1796,166,Unhealthy,1
2025-11-11T05:00,44.7,77.1,84.1,3701,1076,270,57,1893,1201,2476,1491,1737,162,Unhealthy,1
2025-11-11T06:00,41.2,71.0,77.5,3413,996,246,53,1822,1160,2395,1450,1669,159,Unhealthy,1
2025-11-11T07:00,36.3,62.6,68.5,2982,881,217,46,1745,1131,2276,1390,1608,155,Unhealthy,1
2025-11-11T08:00,33.9,58.4,64.0,2797,818,204,44,1718,1101,2217,1370,1573,152,Unhealthy,1
2025-11-11T09:00,33.0,56.9,62.4,2720,794,199,42,1704,1081,2216,1364,1569,152,Unhealthy,1
2025-11-11T10:00,32.9,56.7,61.9,2730,797,197,42,1721,1091,2265,1388,1582,152,Unhealthy,1
2025-11-11T11:00,36.1,62.2,66.6,3000,872,218,46,1815,1106,2348,1460,1643,154,Unhealthy,1
2025-11-11T12:00,36.6,63.1,66.6,3026,877,221,47,1828,1126,2399,1526,1672,155,Unhealthy,1
2025-11-11T13:00,36.7,63.3,66.6,3038,885,222,47,1858,1126,2427,1525,1675,155,Unhealthy,1
2025-11-11T14:00,36.5,62.9,66.4,3028,880,221,47,1844,1124,2407,1474,1670,155,Unhealthy,1
2025-11-11T15:00,36.6,63.1,66.8,3034,888,220,47,1832,1113,2403,1471,1673,155,Unhealthy,1
2025-11-11T16:00,37.7,65.0,68.9,3126,908,227,48,1844,1121,2414,1475,1681,156,Unhealthy,1
2025-11-11T17:00,39.1,67.5,71.9,3240,943,237,50,1856,1147,2416,1479,1698,157,Unhealthy,1
2025-11-11T18:00,41.7,71.9,76.8,3430,1005,253,53,1872,1138,2466,1522,1712,159,Unhealthy,1
2025-11-11T19:00,44.4,76.6,82.2,3683,1077,269,57,1897,1162,2485,1533,1741,162,Unhealthy,1
2025-11-11T20:00,46.5,80.1,85.9,3855,1126,280,60,1937,1182,2520,1550,1777,164,Unhealthy,1
2025-11-11T21:00,48.0,82.7,88.5,3955,1155,289,62,1963,1193,2519,1569,1783,165,Unhealthy,1
2025-11-11T22:00,49.3,85.0,90.8,4060,1189,295,63,1974,1209,2572,1570,1807,166,Unhealthy,1
2025-11-11T23:00,51.2,88.2,94.3,4219,1236,307,66,2028,1223,2642,1608,1837,168,Unhealthy,1
2025-11-12T00:00,54.3,93.6,100.4,4488,1311,328,70,2070,1249,2710,1635,1874,171,Unhealthy,1
2025-11-12T01:00,58.2,100.4,106.6,4833,1407,351,74,2151,1289,2804,1678,1949,174,Unhealthy,1
2025-11-12T02:00,58.5,100.8,106.9,4830,1417,354,75,2174,1278,2819,1673,1961,174,Unhealthy,1
2025-11-12T03:00,55.4,95.5,102.9,4580,1331,333,71,2143,1267,2782,1636,1932,172,Unhealthy,1
2025-11-12T04:00,44.3,76.4,85.4,3675,1066,266,57,1937,1201,2544,1525,1761,162,Unhealthy,1
2025-11-12T05:00,34.3,59.1,67.1,2830,821,205,43,1777,1119,2306,1391,1605,153,Unhealthy,1
2025-11-12T06:00,32.6,56.2,63.6,2695,789,195,42,1704,1103,2230,1358,1571,151,Unhealthy,1
2025-11-12T07:00,32.5,56.0,63.1,2684,784,193,41,1703,1111,2197,1353,1564,151,Unhealthy,1
2025-11-12T08:00,33.0,56.9,64.0,2738,788,198,42,1712,1125,2215,1348,1572,152,Unhealthy,1
2025-11-12T09:00,33.6,58.0,65.2,2797,812,202,43,1733,1109,2250,1385,1594,152,Unhealthy,1
2025-11-12T10:00,34.4,59.3,66.1,2845,828,208,44,1775,1112,2318,1419,1627,153,Unhealthy,1
2025-11-12T11:00,39.4,68.0,73.8,3268,947,239,51,1893,1149,2457,1524,1703,157,Unhealthy,1
2025-11-12T12:00,44.4,76.6,82.2,3693,1072,265,57,1980,1194,2583,1628,1798,162,Unhealthy,1
2025-11-12T13:00,47.7,82.2,87.3,3948,1149,287,61,2016,1217,2641,1658,1835,165,Unhealthy,1
2025-11-12T14:00,47.7,82.2,86.8,3938,1154,286,61,1998,1202,2609,1611,1796,165,Unhealthy,1
2025-11-12T15:00,47.3,81.5,86.1,3910,1141,284,60,1973,1203,2579,1614,1803,164,Unhealthy,1
2025-11-12T16:00,47.3,81.5,85.9,3915,1138,284,60,1973,1203,2573,1611,1787,164,Unhealthy,1
2025-11-12T17:00,47.8,82.4,86.8,3968,1152,289,61,1986,1204,2571,1593,1806,165,Unhealthy,1
2025-11-12T18:00,48.6,83.8,88.5,4021,1167,295,62,1989,1204,2576,1579,1805,166,Unhealthy,1
2025-11-12T19:00,49.7,85.7,90.6,4095,1198,300,64,1980,1213,2586,1600,1806,167,Unhealthy,1
2025-11-12T20:00,50.8,87.5,92.9,4191,1226,306,65,2005,1207,2566,1602,1808,168,Unhealthy,1
2025-11-12T21:00,52.0,89.6,95.5,4294,1247,315,66,2007,1226,2604,1600,1810,169,Unhealthy,1
2025-11-12T22:00,53.6,92.4,98.5,4427,1294,322,69,2047,1239,2633,1641,1858,170,Unhealthy,1
2025-11-12T23:00,55.5,95.7,102.4,4593,1344,337,71,2087,1236,2712,1658,1890,172,Unhealthy,1
2025-11-13T00:00,63.5,109.4,116.9,5244,1523,383,82,2215,1312,2862,1755,1997,179,Unhealthy,1
2025-11-13T01:00,67.1,115.7,122.5,5545,1616,404,86,2281,1340,2972,1778,2074,182,Unhealthy,1
2025-11-13T02:00,65.7,113.2,118.3,5425,1582,395,85,2297,1338,2988,1770,2059,181,Unhealthy,1
2025-11-13T03:00,57.8,99.7,105.7,4782,1392,349,74,2201,1288,2861,1679,1966,174,Unhealthy,1
2025-11-13T04:00,40.5,69.8,75.9,3358,974,245,51,1910,1169,2487,1482,1735,158,Unhealthy,1
2025-11-13T05:00,31.3,54.0,60.3,2599,756,188,40,1740,1111,2277,1369,1579,147,Unhealthy for Sensitive Groups,1
2025-11-13T06:00,30.7,53.0,59.4,2537,739,185,39,1700,1097,2206,1349,1550,144,Unhealthy for Sensitive Groups,1
2025-11-13T07:00,30.7,52.9,59.4,2529,733,184,39,1678,1094,2196,1343,1538,144,Unhealthy for Sensitive Groups,1
2025-11-13T08:00,30.4,52.4,59.0,2525,738,182,39,1694,1093,2170,1321,1545,143,Unhealthy for Sensitive Groups,1
2025-11-13T09:00,30.0,51.7,58.3,2469,722,180,39,1687,1097,2215,1353,1552,141,Unhealthy for Sensitive Groups,1
2025-11-13T10:00,29.7,51.2,57.5,2437,718,180,38,1716,1093,2226,1390,1560,140,Unhealthy for Sensitive Groups,1
2025-11-13T11:00,34.6,59.6,65.0,2835,832,209,44,1791,1114,2356,1506,1625,153,Unhealthy,1
2025-11-13T12:00,57.7,99.4,105.7,4772,1388,348,74,2137,1296,2794,1827,1911,174,Unhealthy,1
2025-11-13T13:00,63.2,109.0,115.3,5228,1519,380,81,2216,1325,2889,1877,2001,179,Unhealthy,1
2025-11-13T14:00,62.6,108.0,114.1,5192,1508,377,81,2213,1308,2897,1863,2021,178,Unhealthy,1
2025-11-13T15:00,60.2,103.8,109.7,4983,1456,363,77,2212,1287,2860,1832,1980,176,Unhealthy,1
2025-11-13T16:00,57.1,98.5,103.8,4744,1376,344,73,2126,1263,2775,1766,1939,173,Unhealthy,1
2025-11-13T17:00,54.3,93.6,98.7,4496,1313,327,70,2084,1242,2703,1708,1880,171,Unhealthy,1
2025-11-13T18:00,52.4,90.3,95.7,4344,1259,314,67,2038,1218,2655,1656,1846,169,Unhealthy,1
2025-11-13T19:00,51.9,89.4,94.8,4305,1257,314,66,2028,1208,2608,1620,1845,169,Unhealthy,1
2025-11-13T20:00,51.7,89.2,94.8,4272,1248,311,67,2002,1204,2603,1615,1816,168,Unhealthy,1
2025-11-13T21:00,52.1,89.9,95.5,4294,1252,314,66,1997,1214,2598,1639,1841,169,Unhealthy,1
2025-11-13T22:00,52.8,91.0,96.4,4359,1276,319,68,2017,1219,2629,1627,1845,169,Unhealthy,1
2025-11-13T23:00,53.6,92.4,97.3,4427,1288,323,69,2051,1231,2656,1640,1863,170,Unhealthy,1
2025-11-14T00:00,61.2,105.5,110.8,5057,1474,371,78,2206,1285,2836,1740,1992,177,Unhealthy,1
2025-11-14T01:00,67.0,115.5,120.6,5534,1612,403,86,2280,1331,2993,1794,2059,182,Unhealthy,1
2025-11-14T02:00,66.1,113.9,117.8,5461,1598,397,85,2326,1338,3003,1786,2079,181,Unhealthy,1
2025-11-14T03:00,58.2,100.4,105.2,4811,1403,350,75,2215,1283,2874,1677,1974,174,Unhealthy,1
2025-11-14T04:00,34.1,58.8,65.9,2827,820,205,43,1843,1124,2404,1419,1667,153,Unhealthy,1
2025-11-14T05:00,28.8,49.7,57.6,2377,689,175,37,1711,1089,2272,1334,1565,136,Unhealthy for Sensitive Groups,1
2025-11-14T06:00,28.4,48.9,56.7,2340,682,170,36,1663,1067,2176,1324,1530,134,Unhealthy for Sensitive Groups,1
2025-11-14T07:00,28.4,48.9,56.5,2342,683,171,36,1648,1068,2141,1296,1529,134,Unhealthy for Sensitive Groups,1
2025-11-14T08:00,28.0,48.3,55.8,2311,680,170,35,1641,1083,2166,1303,1519,133,Unhealthy for Sensitive Groups,1
2025-11-14T09:00,28.0,48.2,55.2,2307,676,167,35,1651,1066,2154,1318,1516,132,Unhealthy for Sensitive Groups,1
2025-11-14T10:00,28.2,48.7,55.2,2329,685,170,36,1693,1071,2216,1368,1539,134,Unhealthy for Sensitive Groups,1
2025-11-14T11:00,33.6,58.0,63.6,2770,810,203,43,1799,1097,2349,1484,1636,152,Unhealthy,1
2025-11-14T12:00,45.2,78.0,82.0,3740,1094,271,58,1971,1202,2574,1687,1791,163,Unhealthy,1
2025-11-14T13:00,59.3,102.2,106.2,4923,1441,357,76,2214,1307,2876,1880,1990,175,Unhealthy,1
2025-11-14T14:00,64.6,111.3,115.0,5336,1557,389,83,2315,1341,3045,1986,2086,180,Unhealthy,1
2025-11-14T15:00,66.5,114.6,118.0,5501,1605,402,86,2356,1347,3104,2021,2108,182,Unhealthy,1
2025-11-14T16:00,67.6,116.6,120.1,5584,1630,406,88,2385,1359,3112,2041,2133,183,Unhealthy,1
2025-11-14T17:00,68.0,117.3,120.6,5641,1639,410,88,2367,1358,3089,2026,2103,183,Unhealthy,1
2025-11-14T18:00,65.9,113.6,116.9,5459,1589,398,85,2330,1347,3026,1983,2077,181,Unhealthy,1
2025-11-14T19:00,62.2,107.3,110.6,5150,1505,376,80,2237,1308,2894,1908,2008,178,Unhealthy,1
2025-11-14T20:00,59.3,102.2,105.0,4926,1424,357,76,2165,1284,2799,1815,1936,175,Unhealthy,1
2025-11-14T21:00,56.8,98.0,100.8,4707,1366,342,73,2090,1270,2731,1751,1892,173,Unhealthy,1
2025-11-14T22:00,54.8,94.5,97.3,4513,1319,331,70,2075,1233,2694,1718,1876,171,Unhealthy,1
2025-11-14T23:00,54.0,93.1,95.9,4467,1298,324,70,2078,1241,2697,1702,1863,170,Unhealthy,1
2025-11-15T00:00,67.5,116.4,119.2,5584,1629,409,87,2289,1342,2942,1910,2052,182,Unhealthy,1
2025-11-15T01:00,70.5,121.5,123.9,5822,1699,425,91,2319,1376,3018,1902,2108,185,Unhealthy,1
2025-11-15T02:00,68.3,117.8,119.7,5661,1654,413,88,2330,1367,3021,1863,2080,183,Unhealthy,1
2025-11-15T03:00,56.0,96.6,99.4,4630,1351,335,72,2140,1289,2813,1686,1951,172,Unhealthy,1
2025-11-15T04:00,37.8,65.2,68.9,3114,917,228,48,1885,1155,2422,1459,1687,156,Unhealthy,1
2025-11-15T05:00,23.5,40.6,44.8,1947,568,141,30,1602,1029,2094,1274,1477,114,Unhealthy for Sensitive Groups,1
2025-11-15T06:00,22.2,38.3,42.3,1828,536,135,28,1551,1018,2027,1256,1421,108,Unhealthy for Sensitive Groups,1
2025-11-15T07:00,22.3,38.4,42.4,1850,535,133,28,1531,1027,1973,1247,1425,108,Unhealthy for Sensitive Groups,1
2025-11-15T08:00,22.7,39.1,42.8,1878,552,136,29,1547,1024,2003,1252,1424,110,Unhealthy for Sensitive Groups,1
2025-11-15T09:00,22.7,39.1,42.8,1870,545,138,28,1563,1027,2016,1266,1445,110,Unhealthy for Sensitive Groups,1
2025-11-15T10:00,22.9,39.5,43.1,1901,542,139,29,1600,1034,2073,1323,1462,111,Unhealthy for Sensitive Groups,1
2025-11-15T11:00,28.8,49.6,52.5,2360,699,172,36,1715,1074,2246,1454,1555,136,Unhealthy for Sensitive Groups,1
2025-11-15T12:00,38.9,67.1,68.5,3213,938,236,50,1909,1145,2478,1657,1717,157,Unhealthy,1
2025-11-15T13:00,47.4,81.7,83.1,3927,1149,286,61,2057,1204,2691,1763,1851,165,Unhealthy,1
2025-11-15T14:00,51.6,88.9,90.3,4274,1240,311,66,2154,1252,2837,1805,1938,168,Unhealthy,1
2025-11-15T15:00,53.6,92.4,93.8,4435,1293,324,69,2218,1257,2899,1863,1961,170,Unhealthy,1
2025-11-15T16:00,54.7,94.3,95.7,4527,1320,330,70,2181,1261,2870,1860,1951,171,Unhealthy,1
2025-11-15T17:00,54.3,93.6,95.0,4504,1319,327,69,2120,1252,2770,1817,1924,171,Unhealthy,1
2025-11-15T18:00,52.7,90.8,92.2,4347,1264,318,67,2047,1255,2659,1771,1854,169,Unhealthy,1
2025-11-15T19:00,51.7,89.2,90.6,4281,1249,312,66,2023,1227,2612,1739,1836,168,Unhealthy,1
2025-11-15T20:00,51.4,88.7,90.1,4255,1242,309,66,1996,1215,2570,1708,1817,168,Unhealthy,1
2025-11-15T21:00,50.2,86.6,88.2,4150,1211,303,64,1961,1208,2548,1687,1804,167,Unhealthy,1
2025-11-15T22:00,48.2,83.1,84.5,3995,1170,290,62,1954,1205,2561,1647,1785,165,Unhealthy,1
2025-11-15T23:00,47.4,81.7,83.1,3935,1143,285,61,1975,1186,2558,1621,1792,165,Unhealthy,1
2025-11-16T00:00,68.4,118.0,122.0,5673,1651,414,88,2284,1346,2968,1968,2057,183,Unhealthy,1
2025-11-16T01:00,75.9,130.9,135.0,6296,1840,458,98,2420,1430,3157,2009,2177,190,Unhealthy,1
2025-11-16T02:00,65.0,112.0,113.6,5346,1565,391,83,2313,1380,3000,1828,2063,180,Unhealthy,1
2025-11-16T03:00,39.6,68.2,69.4,3284,952,238,51,1971,1229,2550,1536,1778,158,Unhealthy,1
2025-11-16T04:00,15.6,26.9,28.1,1280,372,93,19,1594,1038,2089,1260,1438,82,Moderate,0
2025-11-16T05:00,13.5,23.2,24.4,1126,326,79,17,1488,1005,1959,1203,1375,74,Moderate,0
2025-11-16T06:00,14.2,24.4,25.7,1182,343,84,18,1468,997,1912,1199,1341,77,Moderate,0
2025-11-16T07:00,15.2,26.2,27.4,1260,366,89,19,1451,993,1885,1193,1333,81,Moderate,0
2025-11-16T08:00,16.2,27.9,29.0,1334,386,96,20,1449,1014,1890,1192,1348,84,Moderate,0
2025-11-16T09:00,16.8,28.9,30.0,1398,409,102,21,1471,1006,1942,1205,1371,86,Moderate,0
2025-11-16T10:00,17.1,29.5,30.5,1426,410,104,22,1507,1013,1939,1258,1383,88,Moderate,0
2025-11-16T11:00,21.2,36.6,37.5,1757,510,126,27,1590,1047,2063,1376,1450,104,Unhealthy for Sensitive Groups,1
2025-11-16T12:00,28.4,49.0,49.4,2361,687,171,36,1691,1075,2208,1504,1551,134,Unhealthy for Sensitive Groups,1
2025-11-16T13:00,37.5,64.7,65.2,3113,910,226,48,1828,1139,2367,1627,1667,156,Unhealthy,1
2025-11-16T14:00,44.3,76.4,76.6,3671,1075,266,57,1933,1189,2508,1727,1751,162,Unhealthy,1
2025-11-16T15:00,48.1,82.9,83.6,3986,1153,291,62,1993,1217,2594,1782,1790,165,Unhealthy,1
2025-11-16T16:00,48.1,82.9,84.1,3987,1156,290,62,1996,1216,2590,1755,1795,165,Unhealthy,1
2025-11-16T17:00,44.0,75.9,77.5,3648,1061,264,56,1936,1182,2525,1674,1757,162,Unhealthy,1
2025-11-16T18:00,39.0,67.3,68.9,3225,943,234,50,1864,1146,2464,1608,1702,157,Unhealthy,1
2025-11-16T19:00,34.3,59.1,60.8,2844,820,208,44,1780,1111,2324,1502,1630,153,Unhealthy,1
2025-11-16T20:00,29.8,51.3,53.1,2451,722,178,38,1679,1070,2190,1418,1541,140,Unhealthy for Sensitive Groups,1
2025-11-16T21:00,26.0,44.9,46.6,2154,623,155,34,1609,1035,2101,1367,1493,124,Unhealthy for Sensitive Groups,1
2025-11-16T22:00,24.0,41.3,43.0,1991,576,143,31,1598,1032,2064,1349,1487,115,Unhealthy for Sensitive Groups,1
2025-11-16T23:00,23.5,40.6,42.3,1945,567,142,30,1620,1018,2115,1362,1490,114,Unhealthy for Sensitive Groups,1
2025-11-17T00:00,24.7,42.6,44.2,2047,599,148,31,1662,1026,2173,1365,1516,118,Unhealthy for Sensitive Groups,1
2025-11-17T01:00,30.6,52.7,54.6,2550,726,184,40,1781,1082,2332,1422,1595,143,Unhealthy for Sensitive Groups,1
2025-11-17T02:00,29.5,50.8,52.4,2440,708,176,37,1810,1097,2360,1408,1613,139,Unhealthy for Sensitive Groups,1
2025-11-17T03:00,22.6,39.0,40.3,1876,553,136,28,1712,1049,2232,1332,1547,110,Unhealthy for Sensitive Groups,1
2025-11-17T04:00,12.5,21.6,21.8,1036,299,76,16,1511,956,2020,1210,1391,71,Moderate,0
2025-11-17T05:00,8.7,15.0,15.0,715,207,51,11,1381,925,1834,1143,1294,57,Moderate,0
2025-11-17T06:00,7.4,12.8,12.9,622,184,45,9,1329,905,1747,1119,1245,52,Moderate,0
2025-11-17T07:00,7.3,12.6,12.7,623,170,42,9,1312,915,1712,1085,1227,52,Moderate,0
2025-11-17T08:00,7.6,13.1,13.3,613,178,46,10,1319,897,1717,1080,1243,53,Moderate,0
2025-11-17T09:00,7.9,13.7,13.9,651,187,47,10,1351,906,1740,1090,1251,54,Moderate,0
2025-11-17T10:00,8.4,14.4,14.6,685,195,51,11,1382,925,1822,1154,1274,56,Moderate,0
2025-11-17T11:00,13.6,23.5,23.6,1136,330,82,17,1514,953,1984,1295,1378,75,Moderate,0
2025-11-17T12:00,28.3,48.8,49.0,2326,678,171,36,1772,1066,2332,1520,1605,134,Unhealthy for Sensitive Groups,1
2025-11-17T13:00,39.8,68.7,68.9,3290,958,239,51,2015,1151,2611,1665,1797,158,Unhealthy,1
2025-11-17T14:00,44.3,76.4,76.6,3682,1065,267,57,2158,1183,2850,1746,1911,162,Unhealthy,1
2025-11-17T15:00,46.1,79.4,80.6,3803,1122,278,59,2242,1183,2959,1796,1963,163,Unhealthy,1
2025-11-17T16:00,45.5,78.5,80.3,3777,1101,276,58,2188,1185,2910,1760,1924,163,Unhealthy,1
2025-11-17T17:00,43.5,75.0,77.1,3600,1048,262,56,2085,1160,2766,1723,1852,161,Unhealthy,1
2025-11-17T18:00,41.9,72.2,74.3,3476,1009,252,54,2002,1156,2625,1674,1796,160,Unhealthy,1
2025-11-17T19:00,40.4,69.6,71.9,3332,979,243,51,1922,1152,2509,1644,1729,158,Unhealthy,1
2025-11-17T20:00,38.3,66.1,68.2,3172,925,232,48,1841,1129,2385,1600,1671,156,Unhealthy,1
2025-11-17T21:00,35.8,61.7,63.8,2925,860,215,46,1765,1112,2319,1568,1628,154,Unhealthy,1
2025-11-17T22:00,33.1,57.0,58.9,2731,800,199,42,1734,1090,2267,1519,1590,152,Unhealthy,1
2025-11-17T23:00,31.0,53.4,55.2,2577,751,185,40,1725,1084,2228,1485,1579,145,Unhealthy for Sensitive Groups,1
2025-11-18T00:00,35.9,61.9,63.6,2963,865,218,46,1800,1113,2357,1539,1643,154,Unhealthy,1
2025-11-18T01:00,37.9,65.4,67.3,3142,920,229,48,1873,1137,2419,1552,1701,156,Unhealthy,1
2025-11-18T02:00,35.5,61.2,62.9,2939,856,215,45,1853,1120,2442,1504,1696,154,Unhealthy,1
2025-11-18T03:00,27.0,46.6,48.4,2239,650,163,34,1741,1091,2309,1391,1592,128,Unhealthy for Sensitive Groups,1
2025-11-18T04:00,16.3,28.1,28.9,1355,392,97,21,1567,987,2071,1251,1434,85,Moderate,0
2025-11-18T05:00,10.3,17.7,17.8,863,247,62,13,1406,936,1854,1148,1326,63,Moderate,0
2025-11-18T06:00,8.7,15.0,15.2,705,204,53,11,1332,917,1768,1118,1275,57,Moderate,0
2025-11-18T07:00,8.6,14.8,15.1,693,209,52,11,1324,908,1736,1110,1248,57,Moderate,0
2025-11-18T08:00,8.9,15.3,15.5,744,210,53,11,1332,918,1745,1122,1252,58,Moderate,0
2025-11-18T09:00,9.2,15.8,16.0,758,221,54,11,1367,916,1769,1113,1263,59,Moderate,0
2025-11-18T10:00,9.6,16.5,16.7,792,235,56,12,1405,910,1835,1172,1294,60,Moderate,0
2025-11-18T11:00,15.9,27.5,27.8,1321,384,95,20,1560,979,2013,1321,1413,83,Moderate,0
2025-11-18T12:00,35.5,61.2,61.2,2939,855,214,45,1846,1121,2415,1651,1680,154,Unhealthy,1
2025-11-18T13:00,43.3,74.7,74.7,3594,1043,261,56,1964,1180,2547,1747,1757,161,Unhealthy,1
2025-11-18T14:00,45.1,77.8,78.0,3732,1092,272,58,1958,1187,2553,1782,1770,163,Unhealthy,1
2025-11-18T15:00,44.5,76.8,77.5,3682,1074,268,57,1929,1197,2527,1776,1754,162,Unhealthy,1
2025-11-18T16:00,42.9,74.0,75.2,3545,1034,261,55,1916,1177,2480,1744,1727,161,Unhealthy,1
2025-11-18T17:00,41.3,71.2,73.1,3408,985,249,54,1903,1152,2472,1701,1717,159,Unhealthy,1
2025-11-18T18:00,39.8,68.7,70.8,3306,965,239,51,1898,1160,2487,1655,1732,158,Unhealthy,1
2025-11-18T19:00,38.6,66.6,68.7,3193,930,233,49,1857,1131,2413,1637,1684,157,Unhealthy,1
2025-11-18T20:00,37.5,64.7,67.1,3107,907,227,48,1821,1129,2366,1601,1646,156,Unhealthy,1
2025-11-18T21:00,36.3,62.6,65.2,2994,868,218,47,1785,1113,2318,1551,1623,155,Unhealthy,1
2025-11-18T22:00,35.0,60.3,62.9,2898,839,212,45,1770,1111,2310,1550,1619,153,Unhealthy,1
2025-11-18T23:00,33.9,58.4,61.0,2808,816,204,43,1764,1104,2294,1526,1614,152,Unhealthy,1
2025-11-19T00:00,39.8,68.7,71.5,3310,966,239,51,1858,1168,2413,1647,1695,158,Unhealthy,1
2025-11-19T01:00,39.3,67.8,70.3,3239,951,238,50,1891,1163,2460,1587,1724,157,Unhealthy,1
2025-11-19T02:00,34.0,58.7,60.8,2832,820,203,44,1826,1134,2409,1493,1671,153,Unhealthy,1
2025-11-19T03:00,20.5,35.3,36.8,1702,498,123,26,1665,1037,2167,1329,1520,100,Moderate,0
2025-11-19T04:00,11.4,19.6,20.3,940,283,68,14,1485,980,1956,1201,1360,67,Moderate,0
2025-11-19T05:00,7.2,12.4,12.4,590,177,43,9,1377,941,1804,1126,1265,52,Moderate,0
2025-11-19T06:00,7.3,12.6,12.6,605,177,43,9,1322,915,1719,1113,1236,52,Moderate,0
2025-11-19T07:00,7.9,13.6,13.6,671,191,46,10,1307,929,1716,1117,1230,54,Moderate,0
2025-11-19T08:00,8.5,14.7,14.7,721,209,50,11,1318,928,1733,1121,1235,56,Moderate,0
2025-11-19T09:00,9.2,15.8,15.8,753,220,56,12,1346,939,1768,1126,1264,59,Moderate,0
2025-11-19T10:00,9.8,16.9,16.9,808,238,59,12,1395,954,1826,1192,1313,61,Moderate,0
2025-11-19T11:00,17.2,29.6,29.6,1430,404,103,21,1559,981,2058,1354,1433,88,Moderate,0
2025-11-19T12:00,28.1,48.5,48.5,2311,679,169,36,1790,1079,2333,1537,1594,133,Unhealthy for Sensitive Groups,1
2025-11-19T13:00,39.7,68.5,68.5,3273,958,242,51,1978,1145,2605,1671,1781,158,Unhealthy,1
2025-11-19T14:00,43.2,74.5,74.5,3569,1040,259,55,2052,1169,2699,1726,1835,161,Unhealthy,1
2025-11-19T15:00,44.4,76.6,76.8,3681,1072,267,57,2102,1185,2773,1747,1885,162,Unhealthy,1
2025-11-19T16:00,45.1,77.8,78.5,3725,1089,273,58,2167,1186,2863,1765,1913,163,Unhealthy,1
2025-11-19T17:00,44.8,77.3,78.2,3702,1073,270,57,2219,1188,2931,1732,1957,162,Unhealthy,1
2025-11-19T18:00,42.5,73.3,74.5,3513,1029,255,55,2168,1167,2890,1683,1915,160,Unhealthy,1
2025-11-19T19:00,39.3,67.8,68.7,3262,948,236,50,2086,1152,2734,1621,1835,157,Unhealthy,1
2025-11-19T20:00,36.1,62.2,63.1,2961,868,217,46,1895,1109,2497,1548,1723,154,Unhealthy,1
2025-11-19T21:00,33.6,57.9,58.6,2783,806,200,42,1773,1097,2326,1475,1626,152,Unhealthy,1
2025-11-19T22:00,31.6,54.5,55.2,2613,763,191,40,1733,1087,2252,1457,1588,148,Unhealthy for Sensitive Groups,1
2025-11-19T23:00,30.3,52.3,52.9,2500,731,183,39,1719,1080,2255,1422,1567,142,Unhealthy for Sensitive Groups,1
2025-11-20T00:00,27.8,48.0,48.9,2294,674,166,36,1686,1051,2195,1397,1554,132,Unhealthy for Sensitive Groups,1
2025-11-20T01:00,29.8,51.3,52.4,2462,720,181,38,1736,1079,2270,1414,1572,140,Unhealthy for Sensitive Groups,1
2025-11-20T02:00,28.4,48.9,49.8,2356,683,171,36,1756,1073,2295,1406,1595,134,Unhealthy for Sensitive Groups,1
2025-11-20T03:00,21.9,37.8,38.1,1814,522,135,28,1678,1036,2197,1318,1527,107,Unhealthy for Sensitive Groups,1
2025-11-20T04:00,13.3,23.0,23.1,1106,318,80,17,1531,990,2006,1210,1363,74,Moderate,0
2025-11-20T05:00,10.7,18.5,18.5,890,258,64,13,1414,963,1876,1163,1325,64,Moderate,0
2025-11-20T06:00,11.3,19.4,19.5,937,269,67,14,1388,967,1820,1159,1310,66,Moderate,0
2025-11-20T07:00,12.2,21.1,21.2,1013,280,75,15,1374,966,1797,1146,1278,70,Moderate,0
2025-11-20T08:00,13.0,22.5,22.5,1069,316,79,17,1378,969,1800,1147,1307,73,Moderate,0
2025-11-20T09:00,13.5,23.3,23.5,1097,325,80,16,1408,983,1831,1172,1303,75,Moderate,0
2025-11-20T10:00,14.0,24.2,24.4,1157,347,84,18,1440,973,1862,1220,1344,76,Moderate,0
2025-11-20T11:00,21.0,36.2,36.3,1745,510,125,27,1576,1035,2072,1370,1464,103,Unhealthy for Sensitive Groups,1
2025-11-20T12:00,26.6,45.8,46.0,2191,635,160,34,1733,1067,2231,1433,1537,126,Unhealthy for Sensitive Groups,1
2025-11-20T13:00,31.1,53.6,53.8,2562,750,189,40,1810,1090,2373,1480,1648,146,Unhealthy for Sensitive Groups,1
2025-11-20T14:00,32.2,55.6,55.9,2666,778,192,41,1868,1090,2437,1497,1662,151,Unhealthy,1
2025-11-20T15:00,33.5,57.7,58.0,2780,805,201,42,1912,1117,2518,1490,1719,152,Unhealthy,1
2025-11-20T16:00,35.0,60.3,60.5,2891,849,211,44,1948,1115,2576,1494,1741,153,Unhealthy,1
2025-11-20T17:00,36.3,62.6,62.9,2985,876,221,47,2011,1121,2637,1521,1779,155,Unhealthy,1
2025-11-20T18:00,37.8,65.2,65.7,3127,916,229,48,2013,1125,2667,1520,1786,156,Unhealthy,1
2025-11-20T19:00,40.3,69.4,69.8,3350,969,242,51,2053,1142,2662,1541,1818,158,Unhealthy,1
2025-11-20T20:00,43.5,75.0,75.4,3598,1053,261,56,2024,1155,2691,1579,1827,161,Unhealthy,1
2025-11-20T21:00,46.7,80.6,81.3,3885,1127,281,60,2053,1186,2696,1608,1850,164,Unhealthy,1
2025-11-20T22:00,49.9,86.1,86.6,4143,1206,300,64,2084,1210,2718,1664,1893,167,Unhealthy,1
2025-11-20T23:00,53.5,92.2,92.7,4412,1282,323,69,2125,1243,2777,1721,1904,170,Unhealthy,1
2025-11-21T00:00,72.1,124.3,124.8,5970,1743,437,93,2372,1375,3071,1944,2134,187,Unhealthy,1
2025-11-21T01:00,81.5,140.6,141.1,6751,1963,491,105,2508,1469,3247,2040,2246,195,Unhealthy,1
2025-11-21T02:00,77.0,132.7,133.2,6365,1854,464,98,2447,1460,3159,1944,2200,191,Unhealthy,1
2025-11-21T03:00,57.4,99.0,99.4,4754,1386,346,74,2178,1341,2806,1732,1953,173,Unhealthy,1
2025-11-21T04:00,39.1,67.5,68.5,3234,939,236,50,1885,1202,2433,1505,1707,157,Unhealthy,1
2025-11-21T05:00,28.1,48.5,49.6,2329,681,169,36,1670,1108,2163,1362,1506,133,Unhealthy for Sensitive Groups,1
2025-11-21T06:00,27.5,47.4,48.7,2295,656,165,35,1608,1087,2080,1322,1483,130,Unhealthy for Sensitive Groups,1
2025-11-21T07:00,27.4,47.3,48.8,2273,661,165,35,1591,1075,2079,1302,1470,130,Unhealthy for Sensitive Groups,1
2025-11-21T08:00,27.2,46.9,48.4,2257,656,164,34,1580,1065,2062,1301,1471,129,Unhealthy for Sensitive Groups,1
2025-11-21T09:00,26.8,46.2,47.7,2225,645,161,34,1604,1062,2088,1301,1492,127,Unhealthy for Sensitive Groups,1
2025-11-21T10:00,26.2,45.1,46.6,2162,626,158,33,1626,1067,2104,1339,1478,125,Unhealthy for Sensitive Groups,1
2025-11-21T11:00,29.9,51.5,52.6,2476,717,179,38,1716,1081,2231,1417,1576,140,Unhealthy for Sensitive Groups,1
2025-11-21T12:00,25.6,44.2,45.1,2114,610,155,32,1690,1029,2209,1417,1524,122,Unhealthy for Sensitive Groups,1
2025-11-21T13:00,27.3,47.1,47.8,2255,659,166,35,1718,1046,2251,1419,1553,130,Unhealthy for Sensitive Groups,1
2025-11-21T14:00,27.9,48.1,48.7,2330,668,168,36,1755,1039,2300,1422,1582,132,Unhealthy for Sensitive Groups,1
2025-11-21T15:00,30.5,52.6,53.2,2514,738,183,39,1773,1064,2327,1432,1620,143,Unhealthy for Sensitive Groups,1
2025-11-21T16:00,34.6,59.6,60.3,2866,839,206,45,1857,1089,2422,1485,1652,153,Unhealthy,1
2025-11-21T17:00,38.5,66.4,66.8,3184,933,231,49,1892,1119,2470,1539,1711,157,Unhealthy,1
2025-11-21T18:00,41.3,71.2,71.9,3413,997,248,53,1916,1145,2504,1572,1734,159,Unhealthy,1
2025-11-21T19:00,43.7,75.4,75.9,3609,1048,262,56,1952,1160,2538,1583,1753,161,Unhealthy,1
2025-11-21T20:00,45.6,78.7,79.2,3782,1107,276,59,1978,1176,2573,1604,1783,163,Unhealthy,1
2025-11-21T21:00,46.7,80.6,81.3,3855,1125,282,60,2007,1174,2604,1602,1798,164,Unhealthy,1
2025-11-21T22:00,47.8,82.4,83.1,3941,1150,288,61,2030,1182,2631,1639,1824,165,Unhealthy,1
2025-11-21T23:00,49.3,85.0,85.7,4091,1188,298,64,2068,1178,2695,1658,1863,166,Unhealthy,1
2025-11-22T00:00,45.5,78.5,79.2,3772,1092,274,58,2029,1173,2646,1579,1822,163,Unhealthy,1
2025-11-22T01:00,54.0,93.1,93.8,4458,1294,326,69,2131,1226,2789,1658,1923,170,Unhealthy,1
2025-11-22T02:00,51.3,88.5,88.9,4266,1230,309,66,2092,1224,2729,1629,1873,168,Unhealthy,1
2025-11-22T03:00,42.1,72.6,73.3,3482,1014,255,54,1931,1177,2507,1543,1749,160,Unhealthy,1
2025-11-22T04:00,30.9,53.3,53.8,2564,750,185,40,1718,1091,2265,1390,1587,145,Unhealthy for Sensitive Groups,1
2025-11-22T05:00,16.4,28.3,29.4,1356,396,98,20,1502,986,1974,1203,1387,85,Moderate,0
2025-11-22T06:00,15.7,27.1,28.3,1297,384,95,20,1454,971,1909,1178,1341,83,Moderate,0
2025-11-22T07:00,15.9,27.4,28.6,1312,389,97,20,1438,970,1876,1178,1341,83,Moderate,0
2025-11-22T08:00,15.9,27.5,28.7,1336,381,97,20,1449,949,1866,1169,1348,83,Moderate,0
2025-11-22T09:00,15.9,27.4,28.6,1303,379,96,20,1458,965,1893,1184,1367,83,Moderate,0
2025-11-22T10:00,16.0,27.6,28.9,1325,386,98,20,1500,973,1952,1244,1370,84,Moderate,0
2025-11-22T11:00,21.8,37.6,38.5,1797,527,132,28,1632,1006,2134,1365,1487,106,Unhealthy for Sensitive Groups,1
2025-11-22T12:00,37.9,65.4,66.4,3141,917,229,48,1868,1123,2435,1631,1706,156,Unhealthy,1
2025-11-22T13:00,45.9,79.2,80.3,3804,1104,278,60,2003,1182,2612,1724,1805,163,Unhealthy,1
2025-11-22T14:00,50.8,87.5,88.7,4199,1228,308,65,2071,1206,2715,1782,1855,168,Unhealthy,1
2025-11-22T15:00,55.0,94.8,95.9,4556,1334,332,71,2141,1253,2774,1841,1919,171,Unhealthy,1
2025-11-22T16:00,57.9,99.9,101.0,4783,1397,350,75,2204,1266,2868,1866,1970,174,Unhealthy,1
2025-11-22T17:00,58.5,100.8,102.0,4840,1412,353,75,2227,1289,2916,1875,1994,174,Unhealthy,1
2025-11-22T18:00,57.2,98.7,99.7,4733,1381,345,73,2214,1260,2908,1850,2002,173,Unhealthy,1
2025-11-22T19:00,56.2,96.9,97.8,4636,1353,340,72,2213,1273,2872,1832,1971,172,Unhealthy,1
2025-11-22T20:00,56.7,97.8,98.7,4674,1367,343,73,2202,1268,2858,1838,1964,173,Unhealthy,1
2025-11-22T21:00,57.5,99.2,100.4,4764,1389,348,74,2185,1274,2865,1829,1966,174,Unhealthy,1
2025-11-22T22:00,58.3,100.6,101.7,4838,1409,352,75,2200,1298,2860,1846,1988,174,Unhealthy,1
2025-11-22T23:00,60.1,103.6,104.5,4959,1449,363,78,2225,1297,2907,1875,1988,176,Unhealthy,1
2025-11-23T00:00,64.8,111.8,112.7,5354,1566,391,83,2299,1338,2961,1908,2056,180,Unhealthy,1
2025-11-23T01:00,75.6,130.4,131.3,6256,1820,454,97,2461,1450,3195,1998,2184,190,Unhealthy,1
2025-11-23T02:00,69.9,120.6,121.5,5793,1690,422,89,2381,1435,3109,1923,2135,185,Unhealthy,1
2025-11-23T03:00,57.0,98.3,99.0,4721,1376,344,73,2203,1359,2871,1754,1975,173,Unhealthy,1
2025-11-23T04:00,35.7,61.5,62.4,2955,866,215,45,1868,1184,2423,1487,1686,154,Unhealthy,1
2025-11-23T05:00,19.7,34.0,34.9,1619,474,118,25,1581,1048,2061,1265,1432,97,Moderate,0
2025-11-23T06:00,19.3,33.3,34.5,1612,468,115,25,1518,1009,1986,1223,1401,96,Moderate,0
2025-11-23T07:00,19.4,33.4,35.0,1604,465,117,25,1494,990,1935,1210,1386,96,Moderate,0
2025-11-23T08:00,19.6,33.8,36.0,1624,473,116,24,1505,1000,1953,1197,1397,97,Moderate,0
2025-11-23T09:00,19.7,34.0,36.7,1644,477,118,25,1506,1006,1980,1215,1401,97,Moderate,0
2025-11-23T10:00,20.2,34.8,37.7,1675,485,121,25,1564,998,2017,1287,1442,99,Moderate,0
2025-11-23T11:00,27.7,47.7,50.2,2285,674,167,35,1712,1055,2238,1443,1564,131,Unhealthy for Sensitive Groups,1
2025-11-23T12:00,40.7,70.1,72.6,3355,977,244,53,1932,1149,2507,1646,1740,159,Unhealthy,1
2025-11-23T13:00,49.7,85.7,88.2,4115,1195,300,64,2057,1216,2674,1769,1863,167,Unhealthy,1
2025-11-23T14:00,54.0,93.1,95.5,4460,1300,325,69,2117,1245,2775,1818,1893,170,Unhealthy,1
2025-11-23T15:00,57.0,98.3,100.6,4726,1382,344,73,2151,1259,2804,1843,1935,173,Unhealthy,1
2025-11-23T16:00,59.3,102.2,104.5,4895,1431,357,76,2170,1276,2823,1866,1947,175,Unhealthy,1
2025-11-23T17:00,60.1,103.6,105.9,4995,1452,362,78,2177,1287,2807,1844,1951,176,Unhealthy,1
2025-11-23T18:00,59.8,103.1,105.2,4946,1444,361,77,2143,1279,2764,1820,1935,176,Unhealthy,1
2025-11-23T19:00,59.2,102.0,104.1,4906,1423,356,76,2113,1285,2737,1791,1916,175,Unhealthy,1
2025-11-23T20:00,58.6,101.0,102.9,4854,1407,353,75,2097,1286,2703,1765,1895,174,Unhealthy,1
2025-11-23T21:00,57.9,99.9,101.7,4808,1401,348,75,2079,1277,2687,1721,1901,174,Unhealthy,1
2025-11-23T22:00,57.7,99.4,101.0,4770,1394,347,75,2085,1267,2722,1709,1909,174,Unhealthy,1
2025-11-23T23:00,58.2,100.4,102.0,4828,1404,349,75,2125,1281,2769,1713,1928,174,Unhealthy,1
